This file contains any messages produced by compilers while
running configure, to aid debugging if configure makes a mistake.

It was created by stunnel configure 5.75, which was
generated by GNU Autoconf 2.72.  Invocation command line was

  $ ./configure --with-ssl=/mnt/c/Users/babikp/Desktop/dev/lemon-chat/server-source-code/third-party/stunnel/openssl 'CFLAGS=-g -O2 -Wno-error=incompatible-pointer-types'

## --------- ##
## Platform. ##
## --------- ##

hostname = babik-pc
uname -m = x86_64
uname -r = 6.18.33.1-microsoft-standard-WSL2
uname -s = Linux
uname -v = #1 SMP PREEMPT_DYNAMIC Fri Jun  5 01:12:21 UTC 2026

/usr/bin/uname -p = unknown
/bin/uname -X     = unknown

/bin/arch              = x86_64
/usr/bin/arch -k       = unknown
/usr/convex/getsysinfo = unknown
/usr/bin/hostinfo      = unknown
/bin/machine           = unknown
/usr/bin/oslevel       = unknown
/bin/universe          = unknown

PATH: /usr/local/sbin/
PATH: /usr/local/bin/
PATH: /usr/sbin/
PATH: /usr/bin/
PATH: /sbin/
PATH: /bin/
PATH: /usr/games/
PATH: /usr/local/games/
PATH: /usr/lib/wsl/lib/


## ----------- ##
## Core tests. ##
## ----------- ##

configure:2711: looking for aux files: ltmain.sh compile config.guess config.sub missing install-sh
configure:2724:  trying ./auto/
configure:2753:   ./auto/ltmain.sh found
configure:2753:   ./auto/compile found
configure:2753:   ./auto/config.guess found
configure:2753:   ./auto/config.sub found
configure:2753:   ./auto/missing found
configure:2735:   ./auto/install-sh found
configure:2865: **************************************** initialization
configure:2890: checking for a BSD-compatible install
configure:2964: result: /usr/bin/install -c
configure:2975: checking whether sleep supports fractional seconds
configure:2991: result: yes
configure:2994: checking filesystem timestamp resolution
configure:3129: result: 0.01
configure:3134: checking whether build environment is sane
configure:3175: result: yes
configure:3346: checking for a race-free mkdir -p
configure:3389: result: /usr/bin/mkdir -p
configure:3396: checking for gawk
configure:3417: found /usr/bin/gawk
configure:3429: result: gawk
configure:3440: checking whether make sets $(MAKE)
configure:3464: result: yes
configure:3490: checking whether make supports nested variables
configure:3509: result: yes
configure:3523: checking xargs -n works
configure:3539: result: yes
configure:3644: checking build system type
configure:3660: result: x86_64-pc-linux-gnu
configure:3680: checking host system type
configure:3695: result: x86_64-pc-linux-gnu
configure:3820: checking for gcc
configure:3841: found /usr/bin/gcc
configure:3853: result: gcc
configure:3884: checking for C compiler version
configure:3893: gcc --version >&5
gcc (Ubuntu 15.2.0-16ubuntu1) 15.2.0
Copyright (C) 2025 Free Software Foundation, Inc.
This is free software; see the source for copying conditions.  There is NO
warranty; not even for MERCHANTABILITY or FITNESS FOR A PARTICULAR PURPOSE.

configure:3904: $? = 0
configure:3893: gcc -v >&5
Using built-in specs.
COLLECT_GCC=gcc
COLLECT_LTO_WRAPPER=/usr/libexec/gcc/x86_64-linux-gnu/15/lto-wrapper
OFFLOAD_TARGET_NAMES=nvptx-none:amdgcn-amdhsa
OFFLOAD_TARGET_DEFAULT=1
Target: x86_64-linux-gnu
Configured with: ../src/configure -v --with-pkgversion='Ubuntu 15.2.0-16ubuntu1' --with-bugurl=file:///usr/share/doc/gcc-15/README.Bugs --enable-languages=c,ada,c++,go,d,fortran,objc,obj-c++,m2,rust,cobol,algol68 --prefix=/usr --with-gcc-major-version-only --program-suffix=-15 --program-prefix=x86_64-linux-gnu- --enable-shared --enable-linker-build-id --libexecdir=/usr/libexec --without-included-gettext --enable-threads=posix --libdir=/usr/lib --enable-nls --enable-bootstrap --enable-clocale=gnu --enable-libstdcxx-debug --enable-libstdcxx-time=yes --with-default-libstdcxx-abi=new --enable-libstdcxx-backtrace --enable-gnu-unique-object --disable-vtable-verify --enable-plugin --enable-default-pie --with-system-zlib --enable-libphobos-checking=release --with-target-system-zlib=auto --enable-objc-gc=auto --enable-multiarch --disable-werror --enable-cet --with-arch-32=i686 --with-abi=m64 --with-multilib-list=m32,m64,mx32 --enable-multilib --with-tune=generic --enable-offload-targets=nvptx-none=/build/gcc-15-j35TAX/gcc-15-15.2.0/debian/tmp-nvptx/usr,amdgcn-amdhsa=/build/gcc-15-j35TAX/gcc-15-15.2.0/debian/tmp-gcn/usr --enable-offload-defaulted --without-cuda-driver --enable-checking=release --build=x86_64-linux-gnu --host=x86_64-linux-gnu --target=x86_64-linux-gnu --with-build-config=bootstrap-lto-lean --enable-link-serialization=2
Thread model: posix
Supported LTO compression algorithms: zlib zstd
gcc version 15.2.0 (Ubuntu 15.2.0-16ubuntu1) 
... rest of stderr output deleted ...
configure:3904: $? = 0
configure:3893: gcc -V >&5
gcc: error: unrecognized command-line option '-V'
gcc: fatal error: no input files
compilation terminated.
configure:3904: $? = 1
configure:3893: gcc -qversion >&5
gcc: error: unrecognized command-line option '-qversion'; did you mean '--version'?
gcc: fatal error: no input files
compilation terminated.
configure:3904: $? = 1
configure:3893: gcc -version >&5
gcc: error: unrecognized command-line option '-version'
gcc: fatal error: no input files
compilation terminated.
configure:3904: $? = 1
configure:3924: checking whether the C compiler works
configure:3946: gcc -g -O2 -Wno-error=incompatible-pointer-types   conftest.c  >&5
configure:3950: $? = 0
configure:4001: result: yes
configure:4005: checking for C compiler default output file name
configure:4007: result: a.out
configure:4013: checking for suffix of executables
configure:4020: gcc -o conftest -g -O2 -Wno-error=incompatible-pointer-types   conftest.c  >&5
configure:4024: $? = 0
configure:4048: result: 
configure:4072: checking whether we are cross compiling
configure:4080: gcc -o conftest -g -O2 -Wno-error=incompatible-pointer-types   conftest.c  >&5
configure:4084: $? = 0
configure:4091: ./conftest
configure:4095: $? = 0
configure:4110: result: no
configure:4116: checking for suffix of object files
configure:4139: gcc -c -g -O2 -Wno-error=incompatible-pointer-types  conftest.c >&5
configure:4143: $? = 0
configure:4167: result: o
configure:4171: checking whether the compiler supports GNU C
configure:4191: gcc -c -g -O2 -Wno-error=incompatible-pointer-types  conftest.c >&5
configure:4191: $? = 0
configure:4203: result: yes
configure:4214: checking whether gcc accepts -g
configure:4235: gcc -c -g  conftest.c >&5
configure:4235: $? = 0
configure:4282: result: yes
configure:4302: checking for gcc option to enable C11 features
configure:4317: gcc  -c -g -O2 -Wno-error=incompatible-pointer-types  conftest.c >&5
configure:4317: $? = 0
configure:4336: result: none needed
configure:4460: checking whether gcc understands -c and -o together
configure:4483: gcc -c conftest.c -o conftest2.o
configure:4486: $? = 0
configure:4483: gcc -c conftest.c -o conftest2.o
configure:4486: $? = 0
configure:4499: result: yes
configure:4519: checking whether make supports the include directive
configure:4534: make -f confmf.GNU && cat confinc.out
this is the am__doit target
configure:4537: $? = 0
configure:4556: result: yes (GNU style)
configure:4582: checking dependency style of gcc
configure:4695: result: gcc3
configure:4712: checking whether make sets $(MAKE)
configure:4736: result: yes
configure:4749: **************************************** bash completion
configure:4764: checking for bashcompdir
configure:4766: result: 
configure:4771: **************************************** thread model
configure:4775: checking for a sed that does not truncate output
configure:4847: result: /usr/bin/sed
configure:4858: checking how to run the C preprocessor
configure:4884: gcc -E  conftest.c
configure:4884: $? = 0
configure:4900: gcc -E  conftest.c
conftest.c:16:10: fatal error: ac_nonexistent.h: No such file or directory
   16 | #include <ac_nonexistent.h>
      |          ^~~~~~~~~~~~~~~~~~
compilation terminated.
configure:4900: $? = 1
configure: failed program was:
| /* confdefs.h */
| #define PACKAGE_NAME "stunnel"
| #define PACKAGE_TARNAME "stunnel"
| #define PACKAGE_VERSION "5.75"
| #define PACKAGE_STRING "stunnel 5.75"
| #define PACKAGE_BUGREPORT ""
| #define PACKAGE_URL ""
| #define PACKAGE "stunnel"
| #define VERSION "5.75"
| #define HOST "x86_64-pc-linux-gnu"
| #define CPU_X86_64 1
| #define VENDOR_PC 1
| #define OS_LINUX_GNU 1
| #define _GNU_SOURCE 1
| /* end confdefs.h.  */
| #include <ac_nonexistent.h>
configure:4929: result: gcc -E
configure:4943: gcc -E  conftest.c
configure:4943: $? = 0
configure:4959: gcc -E  conftest.c
conftest.c:16:10: fatal error: ac_nonexistent.h: No such file or directory
   16 | #include <ac_nonexistent.h>
      |          ^~~~~~~~~~~~~~~~~~
compilation terminated.
configure:4959: $? = 1
configure: failed program was:
| /* confdefs.h */
| #define PACKAGE_NAME "stunnel"
| #define PACKAGE_TARNAME "stunnel"
| #define PACKAGE_VERSION "5.75"
| #define PACKAGE_STRING "stunnel 5.75"
| #define PACKAGE_BUGREPORT ""
| #define PACKAGE_URL ""
| #define PACKAGE "stunnel"
| #define VERSION "5.75"
| #define HOST "x86_64-pc-linux-gnu"
| #define CPU_X86_64 1
| #define VENDOR_PC 1
| #define OS_LINUX_GNU 1
| #define _GNU_SOURCE 1
| /* end confdefs.h.  */
| #include <ac_nonexistent.h>
configure:4992: checking for egrep -e
configure:5122: result: /usr/bin/grep -E
configure:6109: checking whether gcc is Clang
configure:6137: result: no
configure:6203: checking whether pthreads work with "-pthread" and "-lpthread"
configure:6315: gcc -o conftest -g -O2 -Wno-error=incompatible-pointer-types -pthread   conftest.c -lpthread  >&5
configure:6315: $? = 0
configure:6325: result: yes
configure:6449: checking for joinable pthread attribute
configure:6468: gcc -o conftest -g -O2 -Wno-error=incompatible-pointer-types -pthread   conftest.c -lpthread  >&5
configure:6468: $? = 0
configure:6478: result: PTHREAD_CREATE_JOINABLE
configure:6491: checking whether more special flags are required for pthreads
configure:6506: result: no
configure:6515: checking for PTHREAD_PRIO_INHERIT
configure:6533: gcc -o conftest -g -O2 -Wno-error=incompatible-pointer-types -pthread   conftest.c -lpthread  >&5
configure:6533: $? = 0
configure:6545: result: yes
configure:6708: PTHREAD thread model detected
configure:6740: **************************************** compiler/linker flags
configure:6749: checking whether C compiler accepts -Wall
configure:6769: gcc -c -g -O2 -Wno-error=incompatible-pointer-types -pthread  -Wall  conftest.c >&5
configure:6769: $? = 0
configure:6781: result: yes
configure:6799: : CFLAGS="$CFLAGS"
configure:6802: $? = 0
configure:6832: checking whether C compiler accepts -Wextra
configure:6852: gcc -c -g -O2 -Wno-error=incompatible-pointer-types -pthread -Wall  -Wextra  conftest.c >&5
configure:6852: $? = 0
configure:6864: result: yes
configure:6882: : CFLAGS="$CFLAGS"
configure:6885: $? = 0
configure:6915: checking whether C compiler accepts -Wpedantic
configure:6935: gcc -c -g -O2 -Wno-error=incompatible-pointer-types -pthread -Wall -Wextra  -Wpedantic  conftest.c >&5
configure:6935: $? = 0
configure:6947: result: yes
configure:6965: : CFLAGS="$CFLAGS"
configure:6968: $? = 0
configure:6998: checking whether C compiler accepts -Wformat=2
configure:7018: gcc -c -g -O2 -Wno-error=incompatible-pointer-types -pthread -Wall -Wextra -Wpedantic  -Wformat=2  conftest.c >&5
configure:7018: $? = 0
configure:7030: result: yes
configure:7048: : CFLAGS="$CFLAGS"
configure:7051: $? = 0
configure:7081: checking whether C compiler accepts -Wconversion
configure:7101: gcc -c -g -O2 -Wno-error=incompatible-pointer-types -pthread -Wall -Wextra -Wpedantic -Wformat=2  -Wconversion  conftest.c >&5
configure:7101: $? = 0
configure:7113: result: yes
configure:7131: : CFLAGS="$CFLAGS"
configure:7134: $? = 0
configure:7164: checking whether C compiler accepts -Wno-deprecated-declarations
configure:7184: gcc -c -g -O2 -Wno-error=incompatible-pointer-types -pthread -Wall -Wextra -Wpedantic -Wformat=2 -Wconversion  -Wno-deprecated-declarations  conftest.c >&5
configure:7184: $? = 0
configure:7196: result: yes
configure:7214: : CFLAGS="$CFLAGS"
configure:7217: $? = 0
configure:7247: checking whether C compiler accepts -Wno-unused-command-line-argument
configure:7267: gcc -c -g -O2 -Wno-error=incompatible-pointer-types -pthread -Wall -Wextra -Wpedantic -Wformat=2 -Wconversion -Wno-deprecated-declarations  -Wno-unused-command-line-argument  conftest.c >&5
configure:7267: $? = 0
configure:7279: result: yes
configure:7297: : CFLAGS="$CFLAGS"
configure:7300: $? = 0
configure:7330: checking whether C compiler accepts -fPIE
configure:7350: gcc -c -g -O2 -Wno-error=incompatible-pointer-types -pthread -Wall -Wextra -Wpedantic -Wformat=2 -Wconversion -Wno-deprecated-declarations -Wno-unused-command-line-argument  -fPIE  conftest.c >&5
configure:7350: $? = 0
configure:7362: result: yes
configure:7380: : CFLAGS="$CFLAGS"
configure:7383: $? = 0
configure:7417: checking whether C compiler accepts -fstack-protector-strong
configure:7437: gcc -c -g -O2 -Wno-error=incompatible-pointer-types -pthread -Wall -Wextra -Wpedantic -Wformat=2 -Wconversion -Wno-deprecated-declarations -Wno-unused-command-line-argument -fPIE  -fstack-protector-strong  conftest.c >&5
configure:7437: $? = 0
configure:7449: result: yes
configure:7467: : CFLAGS="$CFLAGS"
configure:7470: $? = 0
configure:7500: checking whether C compiler accepts -fcf-protection=full
configure:7520: gcc -c -g -O2 -Wno-error=incompatible-pointer-types -pthread -Wall -Wextra -Wpedantic -Wformat=2 -Wconversion -Wno-deprecated-declarations -Wno-unused-command-line-argument -fPIE -fstack-protector-strong  -fcf-protection=full  conftest.c >&5
configure:7520: $? = 0
configure:7532: result: yes
configure:7550: : CFLAGS="$CFLAGS"
configure:7553: $? = 0
configure:7583: checking whether C compiler accepts -fstack-clash-protection
configure:7603: gcc -c -g -O2 -Wno-error=incompatible-pointer-types -pthread -Wall -Wextra -Wpedantic -Wformat=2 -Wconversion -Wno-deprecated-declarations -Wno-unused-command-line-argument -fPIE -fstack-protector-strong -fcf-protection=full  -fstack-clash-protection  conftest.c >&5
configure:7603: $? = 0
configure:7615: result: yes
configure:7633: : CFLAGS="$CFLAGS"
configure:7636: $? = 0
configure:7668: checking whether the linker accepts -fPIE
configure:7688: gcc -o conftest -g -O2 -Wno-error=incompatible-pointer-types -pthread -Wall -Wextra -Wpedantic -Wformat=2 -Wconversion -Wno-deprecated-declarations -Wno-unused-command-line-argument -fPIE -fstack-protector-strong -fcf-protection=full -fstack-clash-protection    -fPIE conftest.c -lpthread  >&5
configure:7688: $? = 0
configure:7701: result: yes
configure:7719: : LDFLAGS="$LDFLAGS"
configure:7722: $? = 0
configure:7668: checking whether the linker accepts -pie
configure:7688: gcc -o conftest -g -O2 -Wno-error=incompatible-pointer-types -pthread -Wall -Wextra -Wpedantic -Wformat=2 -Wconversion -Wno-deprecated-declarations -Wno-unused-command-line-argument -fPIE -fstack-protector-strong -fcf-protection=full -fstack-clash-protection   -fPIE  -pie conftest.c -lpthread  >&5
configure:7688: $? = 0
configure:7701: result: yes
configure:7719: : LDFLAGS="$LDFLAGS"
configure:7722: $? = 0
configure:7752: checking whether the linker accepts -Wl,-z,relro
configure:7772: gcc -o conftest -g -O2 -Wno-error=incompatible-pointer-types -pthread -Wall -Wextra -Wpedantic -Wformat=2 -Wconversion -Wno-deprecated-declarations -Wno-unused-command-line-argument -fPIE -fstack-protector-strong -fcf-protection=full -fstack-clash-protection   -fPIE -pie  -Wl,-z,relro conftest.c -lpthread  >&5
configure:7772: $? = 0
configure:7785: result: yes
configure:7803: : LDFLAGS="$LDFLAGS"
configure:7806: $? = 0
configure:7836: checking whether the linker accepts -Wl,-z,now
configure:7856: gcc -o conftest -g -O2 -Wno-error=incompatible-pointer-types -pthread -Wall -Wextra -Wpedantic -Wformat=2 -Wconversion -Wno-deprecated-declarations -Wno-unused-command-line-argument -fPIE -fstack-protector-strong -fcf-protection=full -fstack-clash-protection   -fPIE -pie -Wl,-z,relro  -Wl,-z,now conftest.c -lpthread  >&5
configure:7856: $? = 0
configure:7869: result: yes
configure:7887: : LDFLAGS="$LDFLAGS"
configure:7890: $? = 0
configure:7920: checking whether the linker accepts -Wl,-z,noexecstack
configure:7940: gcc -o conftest -g -O2 -Wno-error=incompatible-pointer-types -pthread -Wall -Wextra -Wpedantic -Wformat=2 -Wconversion -Wno-deprecated-declarations -Wno-unused-command-line-argument -fPIE -fstack-protector-strong -fcf-protection=full -fstack-clash-protection   -fPIE -pie -Wl,-z,relro -Wl,-z,now  -Wl,-z,noexecstack conftest.c -lpthread  >&5
configure:7940: $? = 0
configure:7953: result: yes
configure:7971: : LDFLAGS="$LDFLAGS"
configure:7974: $? = 0
configure:8005: checking whether C compiler accepts -D_FORTIFY_SOURCE=2
configure:8025: gcc -c -g -O2 -Wno-error=incompatible-pointer-types -pthread -Wall -Wextra -Wpedantic -Wformat=2 -Wconversion -Wno-deprecated-declarations -Wno-unused-command-line-argument -fPIE -fstack-protector-strong -fcf-protection=full -fstack-clash-protection  -D_FORTIFY_SOURCE=2  conftest.c >&5
configure:8025: $? = 0
configure:8037: result: yes
configure:8055: : CFLAGS="$CFLAGS"
configure:8058: $? = 0
configure:8083: **************************************** libtool
configure:8132: checking how to print strings
configure:8159: result: printf
configure:8180: checking for a sed that does not truncate output
configure:8252: result: /usr/bin/sed
configure:8270: checking for grep that handles long lines and -e
configure:8336: result: /usr/bin/grep
configure:8341: checking for egrep
configure:8411: result: /usr/bin/grep -E
configure:8418: checking for fgrep
configure:8488: result: /usr/bin/grep -F
configure:8525: checking for ld used by gcc
configure:8594: result: /usr/bin/x86_64-linux-gnu-ld
configure:8601: checking if the linker (/usr/bin/x86_64-linux-gnu-ld) is GNU ld
configure:8618: result: yes
configure:8630: checking for BSD- or MS-compatible name lister (nm)
configure:8686: result: /usr/bin/nm -B
configure:8828: checking the name lister (/usr/bin/nm -B) interface
configure:8836: gcc -c -g -O2 -Wno-error=incompatible-pointer-types -pthread -Wall -Wextra -Wpedantic -Wformat=2 -Wconversion -Wno-deprecated-declarations -Wno-unused-command-line-argument -fPIE -fstack-protector-strong -fcf-protection=full -fstack-clash-protection -D_FORTIFY_SOURCE=2  conftest.c >&5
configure:8839: /usr/bin/nm -B "conftest.o"
configure:8842: output
0000000000000000 B some_variable
configure:8850: result: BSD nm
configure:8853: checking whether ln -s works
configure:8857: result: yes
configure:8865: checking the maximum length of command line arguments
configure:8998: result: 1572864
configure:9046: checking how to convert x86_64-pc-linux-gnu file names to x86_64-pc-linux-gnu format
configure:9088: result: func_convert_file_noop
configure:9095: checking how to convert x86_64-pc-linux-gnu file names to toolchain format
configure:9117: result: func_convert_file_noop
configure:9124: checking for /usr/bin/x86_64-linux-gnu-ld option to reload object files
configure:9133: result: -r
configure:9166: checking for file
configure:9187: found /usr/bin/file
configure:9200: result: file
configure:9263: checking for objdump
configure:9284: found /usr/bin/objdump
configure:9296: result: objdump
configure:9328: checking how to recognize dependent libraries
configure:9537: result: pass_all
configure:9628: checking for dlltool
configure:9664: result: no
configure:9694: checking how to associate runtime and link libraries
configure:9723: result: printf %s\n
configure:9783: checking for ranlib
configure:9804: found /usr/bin/ranlib
configure:9816: result: ranlib
configure:9893: checking for ar
configure:9914: found /usr/bin/ar
configure:9926: result: ar
configure:9979: checking for archiver @FILE support
configure:9997: gcc -c -g -O2 -Wno-error=incompatible-pointer-types -pthread -Wall -Wextra -Wpedantic -Wformat=2 -Wconversion -Wno-deprecated-declarations -Wno-unused-command-line-argument -fPIE -fstack-protector-strong -fcf-protection=full -fstack-clash-protection -D_FORTIFY_SOURCE=2  conftest.c >&5
configure:9997: $? = 0
configure:10001: ar cr libconftest.a @conftest.lst >&5
configure:10004: $? = 0
configure:10009: ar cr libconftest.a @conftest.lst >&5
ar: conftest.o: No such file or directory
configure:10012: $? = 1
configure:10025: result: @
configure:10089: checking for strip
configure:10110: found /usr/bin/strip
configure:10122: result: strip
configure:10225: checking command to parse /usr/bin/nm -B output from gcc object
configure:10379: gcc -c -g -O2 -Wno-error=incompatible-pointer-types -pthread -Wall -Wextra -Wpedantic -Wformat=2 -Wconversion -Wno-deprecated-declarations -Wno-unused-command-line-argument -fPIE -fstack-protector-strong -fcf-protection=full -fstack-clash-protection -D_FORTIFY_SOURCE=2  conftest.c >&5
configure:10382: $? = 0
configure:10386: /usr/bin/nm -B conftest.o | /usr/bin/sed -n -e 's/^.*[	 ]\([ABCDGIRSTW][ABCDGIRSTW]*\)[	 ][	 ]*\([_A-Za-z][_A-Za-z0-9]*\)$/\1 \2 \2/p' | /usr/bin/sed '/ __gnu_lto/d' > conftest.nm
configure:10452: gcc -o conftest -g -O2 -Wno-error=incompatible-pointer-types -pthread -Wall -Wextra -Wpedantic -Wformat=2 -Wconversion -Wno-deprecated-declarations -Wno-unused-command-line-argument -fPIE -fstack-protector-strong -fcf-protection=full -fstack-clash-protection -D_FORTIFY_SOURCE=2   -fPIE -pie -Wl,-z,relro -Wl,-z,now -Wl,-z,noexecstack conftest.c conftstm.o >&5
conftest.c:29:20: warning: ISO C forbids conversion of function pointer to object pointer type [-Wpedantic]
   29 |   {"nm_test_func", (void *) &nm_test_func},
      |                    ^
cc1: note: unrecognized command-line option '-Wno-unused-command-line-argument' may have been intended to silence earlier diagnostics
configure:10455: $? = 0
configure:10494: result: ok
configure:10541: checking for sysroot
configure:10575: result: no
configure:10582: checking for a working dd
configure:10627: result: /usr/bin/dd
configure:10631: checking how to truncate binary pipes
configure:10648: result: /usr/bin/dd bs=4096 count=1
configure:10785: gcc -c -g -O2 -Wno-error=incompatible-pointer-types -pthread -Wall -Wextra -Wpedantic -Wformat=2 -Wconversion -Wno-deprecated-declarations -Wno-unused-command-line-argument -fPIE -fstack-protector-strong -fcf-protection=full -fstack-clash-protection -D_FORTIFY_SOURCE=2  conftest.c >&5
configure:10788: $? = 0
configure:10988: checking for mt
configure:11024: result: no
configure:11044: checking if : is a manifest tool
configure:11051: : '-?'
configure:11060: result: no
configure:11857: checking for stdio.h
configure:11857: gcc -c -g -O2 -Wno-error=incompatible-pointer-types -pthread -Wall -Wextra -Wpedantic -Wformat=2 -Wconversion -Wno-deprecated-declarations -Wno-unused-command-line-argument -fPIE -fstack-protector-strong -fcf-protection=full -fstack-clash-protection -D_FORTIFY_SOURCE=2  conftest.c >&5
configure:11857: $? = 0
configure:11857: result: yes
configure:11857: checking for stdlib.h
configure:11857: gcc -c -g -O2 -Wno-error=incompatible-pointer-types -pthread -Wall -Wextra -Wpedantic -Wformat=2 -Wconversion -Wno-deprecated-declarations -Wno-unused-command-line-argument -fPIE -fstack-protector-strong -fcf-protection=full -fstack-clash-protection -D_FORTIFY_SOURCE=2  conftest.c >&5
configure:11857: $? = 0
configure:11857: result: yes
configure:11857: checking for string.h
configure:11857: gcc -c -g -O2 -Wno-error=incompatible-pointer-types -pthread -Wall -Wextra -Wpedantic -Wformat=2 -Wconversion -Wno-deprecated-declarations -Wno-unused-command-line-argument -fPIE -fstack-protector-strong -fcf-protection=full -fstack-clash-protection -D_FORTIFY_SOURCE=2  conftest.c >&5
configure:11857: $? = 0
configure:11857: result: yes
configure:11857: checking for inttypes.h
configure:11857: gcc -c -g -O2 -Wno-error=incompatible-pointer-types -pthread -Wall -Wextra -Wpedantic -Wformat=2 -Wconversion -Wno-deprecated-declarations -Wno-unused-command-line-argument -fPIE -fstack-protector-strong -fcf-protection=full -fstack-clash-protection -D_FORTIFY_SOURCE=2  conftest.c >&5
configure:11857: $? = 0
configure:11857: result: yes
configure:11857: checking for stdint.h
configure:11857: gcc -c -g -O2 -Wno-error=incompatible-pointer-types -pthread -Wall -Wextra -Wpedantic -Wformat=2 -Wconversion -Wno-deprecated-declarations -Wno-unused-command-line-argument -fPIE -fstack-protector-strong -fcf-protection=full -fstack-clash-protection -D_FORTIFY_SOURCE=2  conftest.c >&5
configure:11857: $? = 0
configure:11857: result: yes
configure:11857: checking for strings.h
configure:11857: gcc -c -g -O2 -Wno-error=incompatible-pointer-types -pthread -Wall -Wextra -Wpedantic -Wformat=2 -Wconversion -Wno-deprecated-declarations -Wno-unused-command-line-argument -fPIE -fstack-protector-strong -fcf-protection=full -fstack-clash-protection -D_FORTIFY_SOURCE=2  conftest.c >&5
configure:11857: $? = 0
configure:11857: result: yes
configure:11857: checking for sys/stat.h
configure:11857: gcc -c -g -O2 -Wno-error=incompatible-pointer-types -pthread -Wall -Wextra -Wpedantic -Wformat=2 -Wconversion -Wno-deprecated-declarations -Wno-unused-command-line-argument -fPIE -fstack-protector-strong -fcf-protection=full -fstack-clash-protection -D_FORTIFY_SOURCE=2  conftest.c >&5
configure:11857: $? = 0
configure:11857: result: yes
configure:11857: checking for sys/types.h
configure:11857: gcc -c -g -O2 -Wno-error=incompatible-pointer-types -pthread -Wall -Wextra -Wpedantic -Wformat=2 -Wconversion -Wno-deprecated-declarations -Wno-unused-command-line-argument -fPIE -fstack-protector-strong -fcf-protection=full -fstack-clash-protection -D_FORTIFY_SOURCE=2  conftest.c >&5
configure:11857: $? = 0
configure:11857: result: yes
configure:11857: checking for unistd.h
configure:11857: gcc -c -g -O2 -Wno-error=incompatible-pointer-types -pthread -Wall -Wextra -Wpedantic -Wformat=2 -Wconversion -Wno-deprecated-declarations -Wno-unused-command-line-argument -fPIE -fstack-protector-strong -fcf-protection=full -fstack-clash-protection -D_FORTIFY_SOURCE=2  conftest.c >&5
configure:11857: $? = 0
configure:11857: result: yes
configure:11882: checking for dlfcn.h
configure:11882: gcc -c -g -O2 -Wno-error=incompatible-pointer-types -pthread -Wall -Wextra -Wpedantic -Wformat=2 -Wconversion -Wno-deprecated-declarations -Wno-unused-command-line-argument -fPIE -fstack-protector-strong -fcf-protection=full -fstack-clash-protection -D_FORTIFY_SOURCE=2  conftest.c >&5
configure:11882: $? = 0
configure:11882: result: yes
configure:12184: checking for objdir
configure:12201: result: .libs
configure:12467: checking if gcc supports -fno-rtti -fno-exceptions
configure:12486: gcc -c -g -O2 -Wno-error=incompatible-pointer-types -pthread -Wall -Wextra -Wpedantic -Wformat=2 -Wconversion -Wno-deprecated-declarations -Wno-unused-command-line-argument -fPIE -fstack-protector-strong -fcf-protection=full -fstack-clash-protection -D_FORTIFY_SOURCE=2  -fno-rtti -fno-exceptions conftest.c >&5
cc1: warning: command-line option '-fno-rtti' is valid for C++/D/ObjC++ but not for C
cc1: note: unrecognized command-line option '-Wno-unused-command-line-argument' may have been intended to silence earlier diagnostics
configure:12490: $? = 0
configure:12504: result: no
configure:12883: checking for gcc option to produce PIC
configure:12892: result: -fPIC -DPIC
configure:12900: checking if gcc PIC flag -fPIC -DPIC works
configure:12919: gcc -c -g -O2 -Wno-error=incompatible-pointer-types -pthread -Wall -Wextra -Wpedantic -Wformat=2 -Wconversion -Wno-deprecated-declarations -Wno-unused-command-line-argument -fPIE -fstack-protector-strong -fcf-protection=full -fstack-clash-protection -D_FORTIFY_SOURCE=2  -fPIC -DPIC -DPIC conftest.c >&5
configure:12923: $? = 0
configure:12937: result: yes
configure:12966: checking if gcc static flag -static works
configure:12996: result: yes
configure:13011: checking if gcc supports -c -o file.o
configure:13033: gcc -c -g -O2 -Wno-error=incompatible-pointer-types -pthread -Wall -Wextra -Wpedantic -Wformat=2 -Wconversion -Wno-deprecated-declarations -Wno-unused-command-line-argument -fPIE -fstack-protector-strong -fcf-protection=full -fstack-clash-protection -D_FORTIFY_SOURCE=2  -o out/conftest2.o conftest.c >&5
configure:13037: $? = 0
configure:13060: result: yes
configure:13068: checking if gcc supports -c -o file.o
configure:13117: result: yes
configure:13150: checking whether the gcc linker (/usr/bin/x86_64-linux-gnu-ld -m elf_x86_64) supports shared libraries
configure:14438: result: yes
configure:14475: checking whether -lc should be explicitly linked in
configure:14484: gcc -c -g -O2 -Wno-error=incompatible-pointer-types -pthread -Wall -Wextra -Wpedantic -Wformat=2 -Wconversion -Wno-deprecated-declarations -Wno-unused-command-line-argument -fPIE -fstack-protector-strong -fcf-protection=full -fstack-clash-protection -D_FORTIFY_SOURCE=2  conftest.c >&5
configure:14487: $? = 0
configure:14502: gcc -shared  -fPIC -DPIC conftest.o  -v -Wl,-soname -Wl,conftest -o conftest 2\>\&1 \| /usr/bin/grep  -lc  \>/dev/null 2\>\&1
configure:14505: $? = 0
configure:14520: result: no
configure:14680: checking dynamic linker characteristics
configure:15299: gcc -o conftest -g -O2 -Wno-error=incompatible-pointer-types -pthread -Wall -Wextra -Wpedantic -Wformat=2 -Wconversion -Wno-deprecated-declarations -Wno-unused-command-line-argument -fPIE -fstack-protector-strong -fcf-protection=full -fstack-clash-protection -D_FORTIFY_SOURCE=2   -fPIE -pie -Wl,-z,relro -Wl,-z,now -Wl,-z,noexecstack -Wl,-rpath -Wl,/foo conftest.c -lpthread  >&5
configure:15299: $? = 0
configure:16082: result: GNU/Linux ld.so
configure:16204: checking how to hardcode library paths into programs
configure:16229: result: immediate
configure:16829: checking whether stripping libraries is possible
configure:16838: result: yes
configure:16880: checking if libtool supports shared libraries
configure:16882: result: yes
configure:16885: checking whether to build shared libraries
configure:16910: result: yes
configure:16913: checking whether to build static libraries
configure:16917: result: no
configure:16956: **************************************** types
configure:16958: checking for int8_t
configure:16958: gcc -c -g -O2 -Wno-error=incompatible-pointer-types -pthread -Wall -Wextra -Wpedantic -Wformat=2 -Wconversion -Wno-deprecated-declarations -Wno-unused-command-line-argument -fPIE -fstack-protector-strong -fcf-protection=full -fstack-clash-protection -D_FORTIFY_SOURCE=2  conftest.c >&5
configure:16958: $? = 0
configure:16958: gcc -c -g -O2 -Wno-error=incompatible-pointer-types -pthread -Wall -Wextra -Wpedantic -Wformat=2 -Wconversion -Wno-deprecated-declarations -Wno-unused-command-line-argument -fPIE -fstack-protector-strong -fcf-protection=full -fstack-clash-protection -D_FORTIFY_SOURCE=2  conftest.c >&5
conftest.c: In function 'main':
conftest.c:62:12: error: size of array 'test_array' is negative
   62 | static int test_array [1 - 2 * !((int8_t) (((((int8_t) 1 << N) << N) - 1) * 2 + 1)
      |            ^~~~~~~~~~
At top level:
cc1: note: unrecognized command-line option '-Wno-unused-command-line-argument' may have been intended to silence earlier diagnostics
configure:16958: $? = 1
configure: failed program was:
| /* confdefs.h */
| #define PACKAGE_NAME "stunnel"
| #define PACKAGE_TARNAME "stunnel"
| #define PACKAGE_VERSION "5.75"
| #define PACKAGE_STRING "stunnel 5.75"
| #define PACKAGE_BUGREPORT ""
| #define PACKAGE_URL ""
| #define PACKAGE "stunnel"
| #define VERSION "5.75"
| #define HOST "x86_64-pc-linux-gnu"
| #define CPU_X86_64 1
| #define VENDOR_PC 1
| #define OS_LINUX_GNU 1
| #define _GNU_SOURCE 1
| #define HAVE_PTHREAD_PRIO_INHERIT 1
| #define USE_PTHREAD 1
| #define HAVE_STDIO_H 1
| #define HAVE_STDLIB_H 1
| #define HAVE_STRING_H 1
| #define HAVE_INTTYPES_H 1
| #define HAVE_STDINT_H 1
| #define HAVE_STRINGS_H 1
| #define HAVE_SYS_STAT_H 1
| #define HAVE_SYS_TYPES_H 1
| #define HAVE_UNISTD_H 1
| #define STDC_HEADERS 1
| #define HAVE_DLFCN_H 1
| #define LT_OBJDIR ".libs/"
| /* end confdefs.h.  */
| #include <stddef.h>
| #ifdef HAVE_STDIO_H
| # include <stdio.h>
| #endif
| #ifdef HAVE_STDLIB_H
| # include <stdlib.h>
| #endif
| #ifdef HAVE_STRING_H
| # include <string.h>
| #endif
| #ifdef HAVE_INTTYPES_H
| # include <inttypes.h>
| #endif
| #ifdef HAVE_STDINT_H
| # include <stdint.h>
| #endif
| #ifdef HAVE_STRINGS_H
| # include <strings.h>
| #endif
| #ifdef HAVE_SYS_TYPES_H
| # include <sys/types.h>
| #endif
| #ifdef HAVE_SYS_STAT_H
| # include <sys/stat.h>
| #endif
| #ifdef HAVE_UNISTD_H
| # include <unistd.h>
| #endif
| 	        enum { N = 8 / 2 - 1 };
| int
| main (void)
| {
| static int test_array [1 - 2 * !((int8_t) (((((int8_t) 1 << N) << N) - 1) * 2 + 1)
| 		 < (int8_t) (((((int8_t) 1 << N) << N) - 1) * 2 + 2))];
| test_array [0] = 0;
| return test_array [0];
| 
|   ;
|   return 0;
| }
configure:16958: result: yes
configure:16967: checking for int16_t
configure:16967: gcc -c -g -O2 -Wno-error=incompatible-pointer-types -pthread -Wall -Wextra -Wpedantic -Wformat=2 -Wconversion -Wno-deprecated-declarations -Wno-unused-command-line-argument -fPIE -fstack-protector-strong -fcf-protection=full -fstack-clash-protection -D_FORTIFY_SOURCE=2  conftest.c >&5
configure:16967: $? = 0
configure:16967: gcc -c -g -O2 -Wno-error=incompatible-pointer-types -pthread -Wall -Wextra -Wpedantic -Wformat=2 -Wconversion -Wno-deprecated-declarations -Wno-unused-command-line-argument -fPIE -fstack-protector-strong -fcf-protection=full -fstack-clash-protection -D_FORTIFY_SOURCE=2  conftest.c >&5
conftest.c: In function 'main':
conftest.c:62:12: error: size of array 'test_array' is negative
   62 | static int test_array [1 - 2 * !((int16_t) (((((int16_t) 1 << N) << N) - 1) * 2 + 1)
      |            ^~~~~~~~~~
At top level:
cc1: note: unrecognized command-line option '-Wno-unused-command-line-argument' may have been intended to silence earlier diagnostics
configure:16967: $? = 1
configure: failed program was:
| /* confdefs.h */
| #define PACKAGE_NAME "stunnel"
| #define PACKAGE_TARNAME "stunnel"
| #define PACKAGE_VERSION "5.75"
| #define PACKAGE_STRING "stunnel 5.75"
| #define PACKAGE_BUGREPORT ""
| #define PACKAGE_URL ""
| #define PACKAGE "stunnel"
| #define VERSION "5.75"
| #define HOST "x86_64-pc-linux-gnu"
| #define CPU_X86_64 1
| #define VENDOR_PC 1
| #define OS_LINUX_GNU 1
| #define _GNU_SOURCE 1
| #define HAVE_PTHREAD_PRIO_INHERIT 1
| #define USE_PTHREAD 1
| #define HAVE_STDIO_H 1
| #define HAVE_STDLIB_H 1
| #define HAVE_STRING_H 1
| #define HAVE_INTTYPES_H 1
| #define HAVE_STDINT_H 1
| #define HAVE_STRINGS_H 1
| #define HAVE_SYS_STAT_H 1
| #define HAVE_SYS_TYPES_H 1
| #define HAVE_UNISTD_H 1
| #define STDC_HEADERS 1
| #define HAVE_DLFCN_H 1
| #define LT_OBJDIR ".libs/"
| /* end confdefs.h.  */
| #include <stddef.h>
| #ifdef HAVE_STDIO_H
| # include <stdio.h>
| #endif
| #ifdef HAVE_STDLIB_H
| # include <stdlib.h>
| #endif
| #ifdef HAVE_STRING_H
| # include <string.h>
| #endif
| #ifdef HAVE_INTTYPES_H
| # include <inttypes.h>
| #endif
| #ifdef HAVE_STDINT_H
| # include <stdint.h>
| #endif
| #ifdef HAVE_STRINGS_H
| # include <strings.h>
| #endif
| #ifdef HAVE_SYS_TYPES_H
| # include <sys/types.h>
| #endif
| #ifdef HAVE_SYS_STAT_H
| # include <sys/stat.h>
| #endif
| #ifdef HAVE_UNISTD_H
| # include <unistd.h>
| #endif
| 	        enum { N = 16 / 2 - 1 };
| int
| main (void)
| {
| static int test_array [1 - 2 * !((int16_t) (((((int16_t) 1 << N) << N) - 1) * 2 + 1)
| 		 < (int16_t) (((((int16_t) 1 << N) << N) - 1) * 2 + 2))];
| test_array [0] = 0;
| return test_array [0];
| 
|   ;
|   return 0;
| }
configure:16967: result: yes
configure:16976: checking for int32_t
configure:16976: gcc -c -g -O2 -Wno-error=incompatible-pointer-types -pthread -Wall -Wextra -Wpedantic -Wformat=2 -Wconversion -Wno-deprecated-declarations -Wno-unused-command-line-argument -fPIE -fstack-protector-strong -fcf-protection=full -fstack-clash-protection -D_FORTIFY_SOURCE=2  conftest.c >&5
configure:16976: $? = 0
configure:16976: gcc -c -g -O2 -Wno-error=incompatible-pointer-types -pthread -Wall -Wextra -Wpedantic -Wformat=2 -Wconversion -Wno-deprecated-declarations -Wno-unused-command-line-argument -fPIE -fstack-protector-strong -fcf-protection=full -fstack-clash-protection -D_FORTIFY_SOURCE=2  conftest.c >&5
conftest.c: In function 'main':
conftest.c:63:67: warning: integer overflow in expression of type 'int' results in '-2147483648' [-Woverflow]
   63 |                  < (int32_t) (((((int32_t) 1 << N) << N) - 1) * 2 + 2))];
      |                                                                   ^
conftest.c:62:12: error: storage size of 'test_array' isn't constant
   62 | static int test_array [1 - 2 * !((int32_t) (((((int32_t) 1 << N) << N) - 1) * 2 + 1)
      |            ^~~~~~~~~~
conftest.c:62:12: warning: unused variable 'test_array' [-Wunused-variable]
At top level:
cc1: note: unrecognized command-line option '-Wno-unused-command-line-argument' may have been intended to silence earlier diagnostics
configure:16976: $? = 1
configure: failed program was:
| /* confdefs.h */
| #define PACKAGE_NAME "stunnel"
| #define PACKAGE_TARNAME "stunnel"
| #define PACKAGE_VERSION "5.75"
| #define PACKAGE_STRING "stunnel 5.75"
| #define PACKAGE_BUGREPORT ""
| #define PACKAGE_URL ""
| #define PACKAGE "stunnel"
| #define VERSION "5.75"
| #define HOST "x86_64-pc-linux-gnu"
| #define CPU_X86_64 1
| #define VENDOR_PC 1
| #define OS_LINUX_GNU 1
| #define _GNU_SOURCE 1
| #define HAVE_PTHREAD_PRIO_INHERIT 1
| #define USE_PTHREAD 1
| #define HAVE_STDIO_H 1
| #define HAVE_STDLIB_H 1
| #define HAVE_STRING_H 1
| #define HAVE_INTTYPES_H 1
| #define HAVE_STDINT_H 1
| #define HAVE_STRINGS_H 1
| #define HAVE_SYS_STAT_H 1
| #define HAVE_SYS_TYPES_H 1
| #define HAVE_UNISTD_H 1
| #define STDC_HEADERS 1
| #define HAVE_DLFCN_H 1
| #define LT_OBJDIR ".libs/"
| /* end confdefs.h.  */
| #include <stddef.h>
| #ifdef HAVE_STDIO_H
| # include <stdio.h>
| #endif
| #ifdef HAVE_STDLIB_H
| # include <stdlib.h>
| #endif
| #ifdef HAVE_STRING_H
| # include <string.h>
| #endif
| #ifdef HAVE_INTTYPES_H
| # include <inttypes.h>
| #endif
| #ifdef HAVE_STDINT_H
| # include <stdint.h>
| #endif
| #ifdef HAVE_STRINGS_H
| # include <strings.h>
| #endif
| #ifdef HAVE_SYS_TYPES_H
| # include <sys/types.h>
| #endif
| #ifdef HAVE_SYS_STAT_H
| # include <sys/stat.h>
| #endif
| #ifdef HAVE_UNISTD_H
| # include <unistd.h>
| #endif
| 	        enum { N = 32 / 2 - 1 };
| int
| main (void)
| {
| static int test_array [1 - 2 * !((int32_t) (((((int32_t) 1 << N) << N) - 1) * 2 + 1)
| 		 < (int32_t) (((((int32_t) 1 << N) << N) - 1) * 2 + 2))];
| test_array [0] = 0;
| return test_array [0];
| 
|   ;
|   return 0;
| }
configure:16976: result: yes
configure:16985: checking for int64_t
configure:16985: gcc -c -g -O2 -Wno-error=incompatible-pointer-types -pthread -Wall -Wextra -Wpedantic -Wformat=2 -Wconversion -Wno-deprecated-declarations -Wno-unused-command-line-argument -fPIE -fstack-protector-strong -fcf-protection=full -fstack-clash-protection -D_FORTIFY_SOURCE=2  conftest.c >&5
configure:16985: $? = 0
configure:16985: gcc -c -g -O2 -Wno-error=incompatible-pointer-types -pthread -Wall -Wextra -Wpedantic -Wformat=2 -Wconversion -Wno-deprecated-declarations -Wno-unused-command-line-argument -fPIE -fstack-protector-strong -fcf-protection=full -fstack-clash-protection -D_FORTIFY_SOURCE=2  conftest.c >&5
conftest.c: In function 'main':
conftest.c:63:67: warning: integer overflow in expression of type 'long int' results in '-9223372036854775808' [-Woverflow]
   63 |                  < (int64_t) (((((int64_t) 1 << N) << N) - 1) * 2 + 2))];
      |                                                                   ^
conftest.c:62:12: error: storage size of 'test_array' isn't constant
   62 | static int test_array [1 - 2 * !((int64_t) (((((int64_t) 1 << N) << N) - 1) * 2 + 1)
      |            ^~~~~~~~~~
conftest.c:62:12: warning: unused variable 'test_array' [-Wunused-variable]
At top level:
cc1: note: unrecognized command-line option '-Wno-unused-command-line-argument' may have been intended to silence earlier diagnostics
configure:16985: $? = 1
configure: failed program was:
| /* confdefs.h */
| #define PACKAGE_NAME "stunnel"
| #define PACKAGE_TARNAME "stunnel"
| #define PACKAGE_VERSION "5.75"
| #define PACKAGE_STRING "stunnel 5.75"
| #define PACKAGE_BUGREPORT ""
| #define PACKAGE_URL ""
| #define PACKAGE "stunnel"
| #define VERSION "5.75"
| #define HOST "x86_64-pc-linux-gnu"
| #define CPU_X86_64 1
| #define VENDOR_PC 1
| #define OS_LINUX_GNU 1
| #define _GNU_SOURCE 1
| #define HAVE_PTHREAD_PRIO_INHERIT 1
| #define USE_PTHREAD 1
| #define HAVE_STDIO_H 1
| #define HAVE_STDLIB_H 1
| #define HAVE_STRING_H 1
| #define HAVE_INTTYPES_H 1
| #define HAVE_STDINT_H 1
| #define HAVE_STRINGS_H 1
| #define HAVE_SYS_STAT_H 1
| #define HAVE_SYS_TYPES_H 1
| #define HAVE_UNISTD_H 1
| #define STDC_HEADERS 1
| #define HAVE_DLFCN_H 1
| #define LT_OBJDIR ".libs/"
| /* end confdefs.h.  */
| #include <stddef.h>
| #ifdef HAVE_STDIO_H
| # include <stdio.h>
| #endif
| #ifdef HAVE_STDLIB_H
| # include <stdlib.h>
| #endif
| #ifdef HAVE_STRING_H
| # include <string.h>
| #endif
| #ifdef HAVE_INTTYPES_H
| # include <inttypes.h>
| #endif
| #ifdef HAVE_STDINT_H
| # include <stdint.h>
| #endif
| #ifdef HAVE_STRINGS_H
| # include <strings.h>
| #endif
| #ifdef HAVE_SYS_TYPES_H
| # include <sys/types.h>
| #endif
| #ifdef HAVE_SYS_STAT_H
| # include <sys/stat.h>
| #endif
| #ifdef HAVE_UNISTD_H
| # include <unistd.h>
| #endif
| 	        enum { N = 64 / 2 - 1 };
| int
| main (void)
| {
| static int test_array [1 - 2 * !((int64_t) (((((int64_t) 1 << N) << N) - 1) * 2 + 1)
| 		 < (int64_t) (((((int64_t) 1 << N) << N) - 1) * 2 + 2))];
| test_array [0] = 0;
| return test_array [0];
| 
|   ;
|   return 0;
| }
configure:16985: result: yes
configure:16994: checking for uint8_t
configure:16994: gcc -c -g -O2 -Wno-error=incompatible-pointer-types -pthread -Wall -Wextra -Wpedantic -Wformat=2 -Wconversion -Wno-deprecated-declarations -Wno-unused-command-line-argument -fPIE -fstack-protector-strong -fcf-protection=full -fstack-clash-protection -D_FORTIFY_SOURCE=2  conftest.c >&5
configure:16994: $? = 0
configure:16994: result: yes
configure:17006: checking for uint16_t
configure:17006: gcc -c -g -O2 -Wno-error=incompatible-pointer-types -pthread -Wall -Wextra -Wpedantic -Wformat=2 -Wconversion -Wno-deprecated-declarations -Wno-unused-command-line-argument -fPIE -fstack-protector-strong -fcf-protection=full -fstack-clash-protection -D_FORTIFY_SOURCE=2  conftest.c >&5
configure:17006: $? = 0
configure:17006: result: yes
configure:17016: checking for uint32_t
configure:17016: gcc -c -g -O2 -Wno-error=incompatible-pointer-types -pthread -Wall -Wextra -Wpedantic -Wformat=2 -Wconversion -Wno-deprecated-declarations -Wno-unused-command-line-argument -fPIE -fstack-protector-strong -fcf-protection=full -fstack-clash-protection -D_FORTIFY_SOURCE=2  conftest.c >&5
configure:17016: $? = 0
configure:17016: result: yes
configure:17028: checking for uint64_t
configure:17028: gcc -c -g -O2 -Wno-error=incompatible-pointer-types -pthread -Wall -Wextra -Wpedantic -Wformat=2 -Wconversion -Wno-deprecated-declarations -Wno-unused-command-line-argument -fPIE -fstack-protector-strong -fcf-protection=full -fstack-clash-protection -D_FORTIFY_SOURCE=2  conftest.c >&5
configure:17028: $? = 0
configure:17028: result: yes
configure:17040: checking for size_t
configure:17040: gcc -c -g -O2 -Wno-error=incompatible-pointer-types -pthread -Wall -Wextra -Wpedantic -Wformat=2 -Wconversion -Wno-deprecated-declarations -Wno-unused-command-line-argument -fPIE -fstack-protector-strong -fcf-protection=full -fstack-clash-protection -D_FORTIFY_SOURCE=2  conftest.c >&5
configure:17040: $? = 0
configure:17040: gcc -c -g -O2 -Wno-error=incompatible-pointer-types -pthread -Wall -Wextra -Wpedantic -Wformat=2 -Wconversion -Wno-deprecated-declarations -Wno-unused-command-line-argument -fPIE -fstack-protector-strong -fcf-protection=full -fstack-clash-protection -D_FORTIFY_SOURCE=2  conftest.c >&5
conftest.c: In function 'main':
conftest.c:61:21: error: expected expression before ')' token
   61 | if (sizeof ((size_t)))
      |                     ^
At top level:
cc1: note: unrecognized command-line option '-Wno-unused-command-line-argument' may have been intended to silence earlier diagnostics
configure:17040: $? = 1
configure: failed program was:
| /* confdefs.h */
| #define PACKAGE_NAME "stunnel"
| #define PACKAGE_TARNAME "stunnel"
| #define PACKAGE_VERSION "5.75"
| #define PACKAGE_STRING "stunnel 5.75"
| #define PACKAGE_BUGREPORT ""
| #define PACKAGE_URL ""
| #define PACKAGE "stunnel"
| #define VERSION "5.75"
| #define HOST "x86_64-pc-linux-gnu"
| #define CPU_X86_64 1
| #define VENDOR_PC 1
| #define OS_LINUX_GNU 1
| #define _GNU_SOURCE 1
| #define HAVE_PTHREAD_PRIO_INHERIT 1
| #define USE_PTHREAD 1
| #define HAVE_STDIO_H 1
| #define HAVE_STDLIB_H 1
| #define HAVE_STRING_H 1
| #define HAVE_INTTYPES_H 1
| #define HAVE_STDINT_H 1
| #define HAVE_STRINGS_H 1
| #define HAVE_SYS_STAT_H 1
| #define HAVE_SYS_TYPES_H 1
| #define HAVE_UNISTD_H 1
| #define STDC_HEADERS 1
| #define HAVE_DLFCN_H 1
| #define LT_OBJDIR ".libs/"
| /* end confdefs.h.  */
| #include <stddef.h>
| #ifdef HAVE_STDIO_H
| # include <stdio.h>
| #endif
| #ifdef HAVE_STDLIB_H
| # include <stdlib.h>
| #endif
| #ifdef HAVE_STRING_H
| # include <string.h>
| #endif
| #ifdef HAVE_INTTYPES_H
| # include <inttypes.h>
| #endif
| #ifdef HAVE_STDINT_H
| # include <stdint.h>
| #endif
| #ifdef HAVE_STRINGS_H
| # include <strings.h>
| #endif
| #ifdef HAVE_SYS_TYPES_H
| # include <sys/types.h>
| #endif
| #ifdef HAVE_SYS_STAT_H
| # include <sys/stat.h>
| #endif
| #ifdef HAVE_UNISTD_H
| # include <unistd.h>
| #endif
| int
| main (void)
| {
| if (sizeof ((size_t)))
| 	    return 0;
|   ;
|   return 0;
| }
configure:17040: result: yes
configure:17051: checking for ssize_t
configure:17051: gcc -c -g -O2 -Wno-error=incompatible-pointer-types -pthread -Wall -Wextra -Wpedantic -Wformat=2 -Wconversion -Wno-deprecated-declarations -Wno-unused-command-line-argument -fPIE -fstack-protector-strong -fcf-protection=full -fstack-clash-protection -D_FORTIFY_SOURCE=2  conftest.c >&5
configure:17051: $? = 0
configure:17051: gcc -c -g -O2 -Wno-error=incompatible-pointer-types -pthread -Wall -Wextra -Wpedantic -Wformat=2 -Wconversion -Wno-deprecated-declarations -Wno-unused-command-line-argument -fPIE -fstack-protector-strong -fcf-protection=full -fstack-clash-protection -D_FORTIFY_SOURCE=2  conftest.c >&5
conftest.c: In function 'main':
conftest.c:61:22: error: expected expression before ')' token
   61 | if (sizeof ((ssize_t)))
      |                      ^
At top level:
cc1: note: unrecognized command-line option '-Wno-unused-command-line-argument' may have been intended to silence earlier diagnostics
configure:17051: $? = 1
configure: failed program was:
| /* confdefs.h */
| #define PACKAGE_NAME "stunnel"
| #define PACKAGE_TARNAME "stunnel"
| #define PACKAGE_VERSION "5.75"
| #define PACKAGE_STRING "stunnel 5.75"
| #define PACKAGE_BUGREPORT ""
| #define PACKAGE_URL ""
| #define PACKAGE "stunnel"
| #define VERSION "5.75"
| #define HOST "x86_64-pc-linux-gnu"
| #define CPU_X86_64 1
| #define VENDOR_PC 1
| #define OS_LINUX_GNU 1
| #define _GNU_SOURCE 1
| #define HAVE_PTHREAD_PRIO_INHERIT 1
| #define USE_PTHREAD 1
| #define HAVE_STDIO_H 1
| #define HAVE_STDLIB_H 1
| #define HAVE_STRING_H 1
| #define HAVE_INTTYPES_H 1
| #define HAVE_STDINT_H 1
| #define HAVE_STRINGS_H 1
| #define HAVE_SYS_STAT_H 1
| #define HAVE_SYS_TYPES_H 1
| #define HAVE_UNISTD_H 1
| #define STDC_HEADERS 1
| #define HAVE_DLFCN_H 1
| #define LT_OBJDIR ".libs/"
| /* end confdefs.h.  */
| #include <stddef.h>
| #ifdef HAVE_STDIO_H
| # include <stdio.h>
| #endif
| #ifdef HAVE_STDLIB_H
| # include <stdlib.h>
| #endif
| #ifdef HAVE_STRING_H
| # include <string.h>
| #endif
| #ifdef HAVE_INTTYPES_H
| # include <inttypes.h>
| #endif
| #ifdef HAVE_STDINT_H
| # include <stdint.h>
| #endif
| #ifdef HAVE_STRINGS_H
| # include <strings.h>
| #endif
| #ifdef HAVE_SYS_TYPES_H
| # include <sys/types.h>
| #endif
| #ifdef HAVE_SYS_STAT_H
| # include <sys/stat.h>
| #endif
| #ifdef HAVE_UNISTD_H
| # include <unistd.h>
| #endif
| int
| main (void)
| {
| if (sizeof ((ssize_t)))
| 	    return 0;
|   ;
|   return 0;
| }
configure:17051: result: yes
configure:17062: checking for uid_t
configure:17062: gcc -c -g -O2 -Wno-error=incompatible-pointer-types -pthread -Wall -Wextra -Wpedantic -Wformat=2 -Wconversion -Wno-deprecated-declarations -Wno-unused-command-line-argument -fPIE -fstack-protector-strong -fcf-protection=full -fstack-clash-protection -D_FORTIFY_SOURCE=2  conftest.c >&5
configure:17062: $? = 0
configure:17062: gcc -c -g -O2 -Wno-error=incompatible-pointer-types -pthread -Wall -Wextra -Wpedantic -Wformat=2 -Wconversion -Wno-deprecated-declarations -Wno-unused-command-line-argument -fPIE -fstack-protector-strong -fcf-protection=full -fstack-clash-protection -D_FORTIFY_SOURCE=2  conftest.c >&5
conftest.c: In function 'main':
conftest.c:61:20: error: expected expression before ')' token
   61 | if (sizeof ((uid_t)))
      |                    ^
At top level:
cc1: note: unrecognized command-line option '-Wno-unused-command-line-argument' may have been intended to silence earlier diagnostics
configure:17062: $? = 1
configure: failed program was:
| /* confdefs.h */
| #define PACKAGE_NAME "stunnel"
| #define PACKAGE_TARNAME "stunnel"
| #define PACKAGE_VERSION "5.75"
| #define PACKAGE_STRING "stunnel 5.75"
| #define PACKAGE_BUGREPORT ""
| #define PACKAGE_URL ""
| #define PACKAGE "stunnel"
| #define VERSION "5.75"
| #define HOST "x86_64-pc-linux-gnu"
| #define CPU_X86_64 1
| #define VENDOR_PC 1
| #define OS_LINUX_GNU 1
| #define _GNU_SOURCE 1
| #define HAVE_PTHREAD_PRIO_INHERIT 1
| #define USE_PTHREAD 1
| #define HAVE_STDIO_H 1
| #define HAVE_STDLIB_H 1
| #define HAVE_STRING_H 1
| #define HAVE_INTTYPES_H 1
| #define HAVE_STDINT_H 1
| #define HAVE_STRINGS_H 1
| #define HAVE_SYS_STAT_H 1
| #define HAVE_SYS_TYPES_H 1
| #define HAVE_UNISTD_H 1
| #define STDC_HEADERS 1
| #define HAVE_DLFCN_H 1
| #define LT_OBJDIR ".libs/"
| /* end confdefs.h.  */
| #include <stddef.h>
| #ifdef HAVE_STDIO_H
| # include <stdio.h>
| #endif
| #ifdef HAVE_STDLIB_H
| # include <stdlib.h>
| #endif
| #ifdef HAVE_STRING_H
| # include <string.h>
| #endif
| #ifdef HAVE_INTTYPES_H
| # include <inttypes.h>
| #endif
| #ifdef HAVE_STDINT_H
| # include <stdint.h>
| #endif
| #ifdef HAVE_STRINGS_H
| # include <strings.h>
| #endif
| #ifdef HAVE_SYS_TYPES_H
| # include <sys/types.h>
| #endif
| #ifdef HAVE_SYS_STAT_H
| # include <sys/stat.h>
| #endif
| #ifdef HAVE_UNISTD_H
| # include <unistd.h>
| #endif
| int
| main (void)
| {
| if (sizeof ((uid_t)))
| 	    return 0;
|   ;
|   return 0;
| }
configure:17062: result: yes
configure:17073: checking for gid_t
configure:17073: gcc -c -g -O2 -Wno-error=incompatible-pointer-types -pthread -Wall -Wextra -Wpedantic -Wformat=2 -Wconversion -Wno-deprecated-declarations -Wno-unused-command-line-argument -fPIE -fstack-protector-strong -fcf-protection=full -fstack-clash-protection -D_FORTIFY_SOURCE=2  conftest.c >&5
configure:17073: $? = 0
configure:17073: gcc -c -g -O2 -Wno-error=incompatible-pointer-types -pthread -Wall -Wextra -Wpedantic -Wformat=2 -Wconversion -Wno-deprecated-declarations -Wno-unused-command-line-argument -fPIE -fstack-protector-strong -fcf-protection=full -fstack-clash-protection -D_FORTIFY_SOURCE=2  conftest.c >&5
conftest.c: In function 'main':
conftest.c:61:20: error: expected expression before ')' token
   61 | if (sizeof ((gid_t)))
      |                    ^
At top level:
cc1: note: unrecognized command-line option '-Wno-unused-command-line-argument' may have been intended to silence earlier diagnostics
configure:17073: $? = 1
configure: failed program was:
| /* confdefs.h */
| #define PACKAGE_NAME "stunnel"
| #define PACKAGE_TARNAME "stunnel"
| #define PACKAGE_VERSION "5.75"
| #define PACKAGE_STRING "stunnel 5.75"
| #define PACKAGE_BUGREPORT ""
| #define PACKAGE_URL ""
| #define PACKAGE "stunnel"
| #define VERSION "5.75"
| #define HOST "x86_64-pc-linux-gnu"
| #define CPU_X86_64 1
| #define VENDOR_PC 1
| #define OS_LINUX_GNU 1
| #define _GNU_SOURCE 1
| #define HAVE_PTHREAD_PRIO_INHERIT 1
| #define USE_PTHREAD 1
| #define HAVE_STDIO_H 1
| #define HAVE_STDLIB_H 1
| #define HAVE_STRING_H 1
| #define HAVE_INTTYPES_H 1
| #define HAVE_STDINT_H 1
| #define HAVE_STRINGS_H 1
| #define HAVE_SYS_STAT_H 1
| #define HAVE_SYS_TYPES_H 1
| #define HAVE_UNISTD_H 1
| #define STDC_HEADERS 1
| #define HAVE_DLFCN_H 1
| #define LT_OBJDIR ".libs/"
| /* end confdefs.h.  */
| #include <stddef.h>
| #ifdef HAVE_STDIO_H
| # include <stdio.h>
| #endif
| #ifdef HAVE_STDLIB_H
| # include <stdlib.h>
| #endif
| #ifdef HAVE_STRING_H
| # include <string.h>
| #endif
| #ifdef HAVE_INTTYPES_H
| # include <inttypes.h>
| #endif
| #ifdef HAVE_STDINT_H
| # include <stdint.h>
| #endif
| #ifdef HAVE_STRINGS_H
| # include <strings.h>
| #endif
| #ifdef HAVE_SYS_TYPES_H
| # include <sys/types.h>
| #endif
| #ifdef HAVE_SYS_STAT_H
| # include <sys/stat.h>
| #endif
| #ifdef HAVE_UNISTD_H
| # include <unistd.h>
| #endif
| int
| main (void)
| {
| if (sizeof ((gid_t)))
| 	    return 0;
|   ;
|   return 0;
| }
configure:17073: result: yes
configure:17084: checking for socklen_t
configure:17094: result: yes
configure:17106: checking for struct sockaddr_un
configure:17106: gcc -c -g -O2 -Wno-error=incompatible-pointer-types -pthread -Wall -Wextra -Wpedantic -Wformat=2 -Wconversion -Wno-deprecated-declarations -Wno-unused-command-line-argument -fPIE -fstack-protector-strong -fcf-protection=full -fstack-clash-protection -D_FORTIFY_SOURCE=2  conftest.c >&5
configure:17106: $? = 0
configure:17106: gcc -c -g -O2 -Wno-error=incompatible-pointer-types -pthread -Wall -Wextra -Wpedantic -Wformat=2 -Wconversion -Wno-deprecated-declarations -Wno-unused-command-line-argument -fPIE -fstack-protector-strong -fcf-protection=full -fstack-clash-protection -D_FORTIFY_SOURCE=2  conftest.c >&5
conftest.c: In function 'main':
conftest.c:35:33: error: expected expression before ')' token
   35 | if (sizeof ((struct sockaddr_un)))
      |                                 ^
At top level:
cc1: note: unrecognized command-line option '-Wno-unused-command-line-argument' may have been intended to silence earlier diagnostics
configure:17106: $? = 1
configure: failed program was:
| /* confdefs.h */
| #define PACKAGE_NAME "stunnel"
| #define PACKAGE_TARNAME "stunnel"
| #define PACKAGE_VERSION "5.75"
| #define PACKAGE_STRING "stunnel 5.75"
| #define PACKAGE_BUGREPORT ""
| #define PACKAGE_URL ""
| #define PACKAGE "stunnel"
| #define VERSION "5.75"
| #define HOST "x86_64-pc-linux-gnu"
| #define CPU_X86_64 1
| #define VENDOR_PC 1
| #define OS_LINUX_GNU 1
| #define _GNU_SOURCE 1
| #define HAVE_PTHREAD_PRIO_INHERIT 1
| #define USE_PTHREAD 1
| #define HAVE_STDIO_H 1
| #define HAVE_STDLIB_H 1
| #define HAVE_STRING_H 1
| #define HAVE_INTTYPES_H 1
| #define HAVE_STDINT_H 1
| #define HAVE_STRINGS_H 1
| #define HAVE_SYS_STAT_H 1
| #define HAVE_SYS_TYPES_H 1
| #define HAVE_UNISTD_H 1
| #define STDC_HEADERS 1
| #define HAVE_DLFCN_H 1
| #define LT_OBJDIR ".libs/"
| /* end confdefs.h.  */
| #include <sys/un.h>
| 
| int
| main (void)
| {
| if (sizeof ((struct sockaddr_un)))
| 	    return 0;
|   ;
|   return 0;
| }
configure:17106: result: yes
configure:17116: checking for struct addrinfo
configure:17116: gcc -c -g -O2 -Wno-error=incompatible-pointer-types -pthread -Wall -Wextra -Wpedantic -Wformat=2 -Wconversion -Wno-deprecated-declarations -Wno-unused-command-line-argument -fPIE -fstack-protector-strong -fcf-protection=full -fstack-clash-protection -D_FORTIFY_SOURCE=2  conftest.c >&5
configure:17116: $? = 0
configure:17116: gcc -c -g -O2 -Wno-error=incompatible-pointer-types -pthread -Wall -Wextra -Wpedantic -Wformat=2 -Wconversion -Wno-deprecated-declarations -Wno-unused-command-line-argument -fPIE -fstack-protector-strong -fcf-protection=full -fstack-clash-protection -D_FORTIFY_SOURCE=2  conftest.c >&5
conftest.c: In function 'main':
conftest.c:36:30: error: expected expression before ')' token
   36 | if (sizeof ((struct addrinfo)))
      |                              ^
At top level:
cc1: note: unrecognized command-line option '-Wno-unused-command-line-argument' may have been intended to silence earlier diagnostics
configure:17116: $? = 1
configure: failed program was:
| /* confdefs.h */
| #define PACKAGE_NAME "stunnel"
| #define PACKAGE_TARNAME "stunnel"
| #define PACKAGE_VERSION "5.75"
| #define PACKAGE_STRING "stunnel 5.75"
| #define PACKAGE_BUGREPORT ""
| #define PACKAGE_URL ""
| #define PACKAGE "stunnel"
| #define VERSION "5.75"
| #define HOST "x86_64-pc-linux-gnu"
| #define CPU_X86_64 1
| #define VENDOR_PC 1
| #define OS_LINUX_GNU 1
| #define _GNU_SOURCE 1
| #define HAVE_PTHREAD_PRIO_INHERIT 1
| #define USE_PTHREAD 1
| #define HAVE_STDIO_H 1
| #define HAVE_STDLIB_H 1
| #define HAVE_STRING_H 1
| #define HAVE_INTTYPES_H 1
| #define HAVE_STDINT_H 1
| #define HAVE_STRINGS_H 1
| #define HAVE_SYS_STAT_H 1
| #define HAVE_SYS_TYPES_H 1
| #define HAVE_UNISTD_H 1
| #define STDC_HEADERS 1
| #define HAVE_DLFCN_H 1
| #define LT_OBJDIR ".libs/"
| #define HAVE_STRUCT_SOCKADDR_UN 1
| /* end confdefs.h.  */
| #include <netdb.h>
| 
| int
| main (void)
| {
| if (sizeof ((struct addrinfo)))
| 	    return 0;
|   ;
|   return 0;
| }
configure:17116: result: yes
configure:17127: **************************************** PTY device files
configure:17131: checking for "/dev/ptmx"
configure:17147: result: yes
configure:17157: checking for "/dev/ptc"
configure:17173: result: no
configure:17187: **************************************** entropy sources
configure:17215: checking for "/dev/urandom"
configure:17231: result: yes
configure:17254: **************************************** default group
configure:17263: checking for default group
configure:17265: result: nogroup
configure:17276: checking for gcc option to enable large file support
configure:17311: gcc -c -g -O2 -Wno-error=incompatible-pointer-types -pthread -Wall -Wextra -Wpedantic -Wformat=2 -Wconversion -Wno-deprecated-declarations -Wno-unused-command-line-argument -fPIE -fstack-protector-strong -fcf-protection=full -fstack-clash-protection -D_FORTIFY_SOURCE=2  conftest.c >&5
configure:17311: $? = 0
configure:17317: gcc -DFTYPE=ino_t -c -g -O2 -Wno-error=incompatible-pointer-types -pthread -Wall -Wextra -Wpedantic -Wformat=2 -Wconversion -Wno-deprecated-declarations -Wno-unused-command-line-argument -fPIE -fstack-protector-strong -fcf-protection=full -fstack-clash-protection -D_FORTIFY_SOURCE=2  conftest.c >&5
configure:17317: $? = 0
configure:17342: result: none needed
configure:17445: **************************************** header files
configure:17450: checking for stdint.h
configure:17450: result: yes
configure:17456: checking for inttypes.h
configure:17456: result: yes
configure:17462: checking for malloc.h
configure:17462: gcc -c -g -O2 -Wno-error=incompatible-pointer-types -pthread -Wall -Wextra -Wpedantic -Wformat=2 -Wconversion -Wno-deprecated-declarations -Wno-unused-command-line-argument -fPIE -fstack-protector-strong -fcf-protection=full -fstack-clash-protection -D_FORTIFY_SOURCE=2  conftest.c >&5
configure:17462: $? = 0
configure:17462: result: yes
configure:17468: checking for ucontext.h
configure:17468: gcc -c -g -O2 -Wno-error=incompatible-pointer-types -pthread -Wall -Wextra -Wpedantic -Wformat=2 -Wconversion -Wno-deprecated-declarations -Wno-unused-command-line-argument -fPIE -fstack-protector-strong -fcf-protection=full -fstack-clash-protection -D_FORTIFY_SOURCE=2  conftest.c >&5
configure:17468: $? = 0
configure:17468: result: yes
configure:17474: checking for pthread.h
configure:17474: gcc -c -g -O2 -Wno-error=incompatible-pointer-types -pthread -Wall -Wextra -Wpedantic -Wformat=2 -Wconversion -Wno-deprecated-declarations -Wno-unused-command-line-argument -fPIE -fstack-protector-strong -fcf-protection=full -fstack-clash-protection -D_FORTIFY_SOURCE=2  conftest.c >&5
configure:17474: $? = 0
configure:17474: result: yes
configure:17480: checking for poll.h
configure:17480: gcc -c -g -O2 -Wno-error=incompatible-pointer-types -pthread -Wall -Wextra -Wpedantic -Wformat=2 -Wconversion -Wno-deprecated-declarations -Wno-unused-command-line-argument -fPIE -fstack-protector-strong -fcf-protection=full -fstack-clash-protection -D_FORTIFY_SOURCE=2  conftest.c >&5
configure:17480: $? = 0
configure:17480: result: yes
configure:17486: checking for tcpd.h
configure:17486: gcc -c -g -O2 -Wno-error=incompatible-pointer-types -pthread -Wall -Wextra -Wpedantic -Wformat=2 -Wconversion -Wno-deprecated-declarations -Wno-unused-command-line-argument -fPIE -fstack-protector-strong -fcf-protection=full -fstack-clash-protection -D_FORTIFY_SOURCE=2  conftest.c >&5
conftest.c:68:10: fatal error: tcpd.h: No such file or directory
   68 | #include <tcpd.h>
      |          ^~~~~~~~
compilation terminated.
configure:17486: $? = 1
configure: failed program was:
| /* confdefs.h */
| #define PACKAGE_NAME "stunnel"
| #define PACKAGE_TARNAME "stunnel"
| #define PACKAGE_VERSION "5.75"
| #define PACKAGE_STRING "stunnel 5.75"
| #define PACKAGE_BUGREPORT ""
| #define PACKAGE_URL ""
| #define PACKAGE "stunnel"
| #define VERSION "5.75"
| #define HOST "x86_64-pc-linux-gnu"
| #define CPU_X86_64 1
| #define VENDOR_PC 1
| #define OS_LINUX_GNU 1
| #define _GNU_SOURCE 1
| #define HAVE_PTHREAD_PRIO_INHERIT 1
| #define USE_PTHREAD 1
| #define HAVE_STDIO_H 1
| #define HAVE_STDLIB_H 1
| #define HAVE_STRING_H 1
| #define HAVE_INTTYPES_H 1
| #define HAVE_STDINT_H 1
| #define HAVE_STRINGS_H 1
| #define HAVE_SYS_STAT_H 1
| #define HAVE_SYS_TYPES_H 1
| #define HAVE_UNISTD_H 1
| #define STDC_HEADERS 1
| #define HAVE_DLFCN_H 1
| #define LT_OBJDIR ".libs/"
| #define HAVE_STRUCT_SOCKADDR_UN 1
| #define HAVE_STRUCT_ADDRINFO 1
| #define HAVE_DEV_PTMX 1
| #define RANDOM_FILE "/dev/urandom"
| #define HAVE_STDINT_H 1
| #define HAVE_INTTYPES_H 1
| #define HAVE_MALLOC_H 1
| #define HAVE_UCONTEXT_H 1
| #define HAVE_PTHREAD_H 1
| #define HAVE_POLL_H 1
| /* end confdefs.h.  */
| #include <stddef.h>
| #ifdef HAVE_STDIO_H
| # include <stdio.h>
| #endif
| #ifdef HAVE_STDLIB_H
| # include <stdlib.h>
| #endif
| #ifdef HAVE_STRING_H
| # include <string.h>
| #endif
| #ifdef HAVE_INTTYPES_H
| # include <inttypes.h>
| #endif
| #ifdef HAVE_STDINT_H
| # include <stdint.h>
| #endif
| #ifdef HAVE_STRINGS_H
| # include <strings.h>
| #endif
| #ifdef HAVE_SYS_TYPES_H
| # include <sys/types.h>
| #endif
| #ifdef HAVE_SYS_STAT_H
| # include <sys/stat.h>
| #endif
| #ifdef HAVE_UNISTD_H
| # include <unistd.h>
| #endif
| #include <tcpd.h>
configure:17486: result: no
configure:17492: checking for stropts.h
configure:17492: gcc -c -g -O2 -Wno-error=incompatible-pointer-types -pthread -Wall -Wextra -Wpedantic -Wformat=2 -Wconversion -Wno-deprecated-declarations -Wno-unused-command-line-argument -fPIE -fstack-protector-strong -fcf-protection=full -fstack-clash-protection -D_FORTIFY_SOURCE=2  conftest.c >&5
conftest.c:68:10: fatal error: stropts.h: No such file or directory
   68 | #include <stropts.h>
      |          ^~~~~~~~~~~
compilation terminated.
configure:17492: $? = 1
configure: failed program was:
| /* confdefs.h */
| #define PACKAGE_NAME "stunnel"
| #define PACKAGE_TARNAME "stunnel"
| #define PACKAGE_VERSION "5.75"
| #define PACKAGE_STRING "stunnel 5.75"
| #define PACKAGE_BUGREPORT ""
| #define PACKAGE_URL ""
| #define PACKAGE "stunnel"
| #define VERSION "5.75"
| #define HOST "x86_64-pc-linux-gnu"
| #define CPU_X86_64 1
| #define VENDOR_PC 1
| #define OS_LINUX_GNU 1
| #define _GNU_SOURCE 1
| #define HAVE_PTHREAD_PRIO_INHERIT 1
| #define USE_PTHREAD 1
| #define HAVE_STDIO_H 1
| #define HAVE_STDLIB_H 1
| #define HAVE_STRING_H 1
| #define HAVE_INTTYPES_H 1
| #define HAVE_STDINT_H 1
| #define HAVE_STRINGS_H 1
| #define HAVE_SYS_STAT_H 1
| #define HAVE_SYS_TYPES_H 1
| #define HAVE_UNISTD_H 1
| #define STDC_HEADERS 1
| #define HAVE_DLFCN_H 1
| #define LT_OBJDIR ".libs/"
| #define HAVE_STRUCT_SOCKADDR_UN 1
| #define HAVE_STRUCT_ADDRINFO 1
| #define HAVE_DEV_PTMX 1
| #define RANDOM_FILE "/dev/urandom"
| #define HAVE_STDINT_H 1
| #define HAVE_INTTYPES_H 1
| #define HAVE_MALLOC_H 1
| #define HAVE_UCONTEXT_H 1
| #define HAVE_PTHREAD_H 1
| #define HAVE_POLL_H 1
| /* end confdefs.h.  */
| #include <stddef.h>
| #ifdef HAVE_STDIO_H
| # include <stdio.h>
| #endif
| #ifdef HAVE_STDLIB_H
| # include <stdlib.h>
| #endif
| #ifdef HAVE_STRING_H
| # include <string.h>
| #endif
| #ifdef HAVE_INTTYPES_H
| # include <inttypes.h>
| #endif
| #ifdef HAVE_STDINT_H
| # include <stdint.h>
| #endif
| #ifdef HAVE_STRINGS_H
| # include <strings.h>
| #endif
| #ifdef HAVE_SYS_TYPES_H
| # include <sys/types.h>
| #endif
| #ifdef HAVE_SYS_STAT_H
| # include <sys/stat.h>
| #endif
| #ifdef HAVE_UNISTD_H
| # include <unistd.h>
| #endif
| #include <stropts.h>
configure:17492: result: no
configure:17498: checking for grp.h
configure:17498: gcc -c -g -O2 -Wno-error=incompatible-pointer-types -pthread -Wall -Wextra -Wpedantic -Wformat=2 -Wconversion -Wno-deprecated-declarations -Wno-unused-command-line-argument -fPIE -fstack-protector-strong -fcf-protection=full -fstack-clash-protection -D_FORTIFY_SOURCE=2  conftest.c >&5
configure:17498: $? = 0
configure:17498: result: yes
configure:17504: checking for unistd.h
configure:17504: result: yes
configure:17510: checking for util.h
configure:17510: gcc -c -g -O2 -Wno-error=incompatible-pointer-types -pthread -Wall -Wextra -Wpedantic -Wformat=2 -Wconversion -Wno-deprecated-declarations -Wno-unused-command-line-argument -fPIE -fstack-protector-strong -fcf-protection=full -fstack-clash-protection -D_FORTIFY_SOURCE=2  conftest.c >&5
conftest.c:70:10: fatal error: util.h: No such file or directory
   70 | #include <util.h>
      |          ^~~~~~~~
compilation terminated.
configure:17510: $? = 1
configure: failed program was:
| /* confdefs.h */
| #define PACKAGE_NAME "stunnel"
| #define PACKAGE_TARNAME "stunnel"
| #define PACKAGE_VERSION "5.75"
| #define PACKAGE_STRING "stunnel 5.75"
| #define PACKAGE_BUGREPORT ""
| #define PACKAGE_URL ""
| #define PACKAGE "stunnel"
| #define VERSION "5.75"
| #define HOST "x86_64-pc-linux-gnu"
| #define CPU_X86_64 1
| #define VENDOR_PC 1
| #define OS_LINUX_GNU 1
| #define _GNU_SOURCE 1
| #define HAVE_PTHREAD_PRIO_INHERIT 1
| #define USE_PTHREAD 1
| #define HAVE_STDIO_H 1
| #define HAVE_STDLIB_H 1
| #define HAVE_STRING_H 1
| #define HAVE_INTTYPES_H 1
| #define HAVE_STDINT_H 1
| #define HAVE_STRINGS_H 1
| #define HAVE_SYS_STAT_H 1
| #define HAVE_SYS_TYPES_H 1
| #define HAVE_UNISTD_H 1
| #define STDC_HEADERS 1
| #define HAVE_DLFCN_H 1
| #define LT_OBJDIR ".libs/"
| #define HAVE_STRUCT_SOCKADDR_UN 1
| #define HAVE_STRUCT_ADDRINFO 1
| #define HAVE_DEV_PTMX 1
| #define RANDOM_FILE "/dev/urandom"
| #define HAVE_STDINT_H 1
| #define HAVE_INTTYPES_H 1
| #define HAVE_MALLOC_H 1
| #define HAVE_UCONTEXT_H 1
| #define HAVE_PTHREAD_H 1
| #define HAVE_POLL_H 1
| #define HAVE_GRP_H 1
| #define HAVE_UNISTD_H 1
| /* end confdefs.h.  */
| #include <stddef.h>
| #ifdef HAVE_STDIO_H
| # include <stdio.h>
| #endif
| #ifdef HAVE_STDLIB_H
| # include <stdlib.h>
| #endif
| #ifdef HAVE_STRING_H
| # include <string.h>
| #endif
| #ifdef HAVE_INTTYPES_H
| # include <inttypes.h>
| #endif
| #ifdef HAVE_STDINT_H
| # include <stdint.h>
| #endif
| #ifdef HAVE_STRINGS_H
| # include <strings.h>
| #endif
| #ifdef HAVE_SYS_TYPES_H
| # include <sys/types.h>
| #endif
| #ifdef HAVE_SYS_STAT_H
| # include <sys/stat.h>
| #endif
| #ifdef HAVE_UNISTD_H
| # include <unistd.h>
| #endif
| #include <util.h>
configure:17510: result: no
configure:17516: checking for libutil.h
configure:17516: gcc -c -g -O2 -Wno-error=incompatible-pointer-types -pthread -Wall -Wextra -Wpedantic -Wformat=2 -Wconversion -Wno-deprecated-declarations -Wno-unused-command-line-argument -fPIE -fstack-protector-strong -fcf-protection=full -fstack-clash-protection -D_FORTIFY_SOURCE=2  conftest.c >&5
conftest.c:70:10: fatal error: libutil.h: No such file or directory
   70 | #include <libutil.h>
      |          ^~~~~~~~~~~
compilation terminated.
configure:17516: $? = 1
configure: failed program was:
| /* confdefs.h */
| #define PACKAGE_NAME "stunnel"
| #define PACKAGE_TARNAME "stunnel"
| #define PACKAGE_VERSION "5.75"
| #define PACKAGE_STRING "stunnel 5.75"
| #define PACKAGE_BUGREPORT ""
| #define PACKAGE_URL ""
| #define PACKAGE "stunnel"
| #define VERSION "5.75"
| #define HOST "x86_64-pc-linux-gnu"
| #define CPU_X86_64 1
| #define VENDOR_PC 1
| #define OS_LINUX_GNU 1
| #define _GNU_SOURCE 1
| #define HAVE_PTHREAD_PRIO_INHERIT 1
| #define USE_PTHREAD 1
| #define HAVE_STDIO_H 1
| #define HAVE_STDLIB_H 1
| #define HAVE_STRING_H 1
| #define HAVE_INTTYPES_H 1
| #define HAVE_STDINT_H 1
| #define HAVE_STRINGS_H 1
| #define HAVE_SYS_STAT_H 1
| #define HAVE_SYS_TYPES_H 1
| #define HAVE_UNISTD_H 1
| #define STDC_HEADERS 1
| #define HAVE_DLFCN_H 1
| #define LT_OBJDIR ".libs/"
| #define HAVE_STRUCT_SOCKADDR_UN 1
| #define HAVE_STRUCT_ADDRINFO 1
| #define HAVE_DEV_PTMX 1
| #define RANDOM_FILE "/dev/urandom"
| #define HAVE_STDINT_H 1
| #define HAVE_INTTYPES_H 1
| #define HAVE_MALLOC_H 1
| #define HAVE_UCONTEXT_H 1
| #define HAVE_PTHREAD_H 1
| #define HAVE_POLL_H 1
| #define HAVE_GRP_H 1
| #define HAVE_UNISTD_H 1
| /* end confdefs.h.  */
| #include <stddef.h>
| #ifdef HAVE_STDIO_H
| # include <stdio.h>
| #endif
| #ifdef HAVE_STDLIB_H
| # include <stdlib.h>
| #endif
| #ifdef HAVE_STRING_H
| # include <string.h>
| #endif
| #ifdef HAVE_INTTYPES_H
| # include <inttypes.h>
| #endif
| #ifdef HAVE_STDINT_H
| # include <stdint.h>
| #endif
| #ifdef HAVE_STRINGS_H
| # include <strings.h>
| #endif
| #ifdef HAVE_SYS_TYPES_H
| # include <sys/types.h>
| #endif
| #ifdef HAVE_SYS_STAT_H
| # include <sys/stat.h>
| #endif
| #ifdef HAVE_UNISTD_H
| # include <unistd.h>
| #endif
| #include <libutil.h>
configure:17516: result: no
configure:17522: checking for pty.h
configure:17522: gcc -c -g -O2 -Wno-error=incompatible-pointer-types -pthread -Wall -Wextra -Wpedantic -Wformat=2 -Wconversion -Wno-deprecated-declarations -Wno-unused-command-line-argument -fPIE -fstack-protector-strong -fcf-protection=full -fstack-clash-protection -D_FORTIFY_SOURCE=2  conftest.c >&5
configure:17522: $? = 0
configure:17522: result: yes
configure:17528: checking for limits.h
configure:17528: gcc -c -g -O2 -Wno-error=incompatible-pointer-types -pthread -Wall -Wextra -Wpedantic -Wformat=2 -Wconversion -Wno-deprecated-declarations -Wno-unused-command-line-argument -fPIE -fstack-protector-strong -fcf-protection=full -fstack-clash-protection -D_FORTIFY_SOURCE=2  conftest.c >&5
configure:17528: $? = 0
configure:17528: result: yes
configure:17535: checking for sys/types.h
configure:17535: result: yes
configure:17541: checking for sys/select.h
configure:17541: gcc -c -g -O2 -Wno-error=incompatible-pointer-types -pthread -Wall -Wextra -Wpedantic -Wformat=2 -Wconversion -Wno-deprecated-declarations -Wno-unused-command-line-argument -fPIE -fstack-protector-strong -fcf-protection=full -fstack-clash-protection -D_FORTIFY_SOURCE=2  conftest.c >&5
configure:17541: $? = 0
configure:17541: result: yes
configure:17547: checking for sys/poll.h
configure:17547: gcc -c -g -O2 -Wno-error=incompatible-pointer-types -pthread -Wall -Wextra -Wpedantic -Wformat=2 -Wconversion -Wno-deprecated-declarations -Wno-unused-command-line-argument -fPIE -fstack-protector-strong -fcf-protection=full -fstack-clash-protection -D_FORTIFY_SOURCE=2  conftest.c >&5
configure:17547: $? = 0
configure:17547: result: yes
configure:17553: checking for sys/socket.h
configure:17553: gcc -c -g -O2 -Wno-error=incompatible-pointer-types -pthread -Wall -Wextra -Wpedantic -Wformat=2 -Wconversion -Wno-deprecated-declarations -Wno-unused-command-line-argument -fPIE -fstack-protector-strong -fcf-protection=full -fstack-clash-protection -D_FORTIFY_SOURCE=2  conftest.c >&5
configure:17553: $? = 0
configure:17553: result: yes
configure:17559: checking for sys/un.h
configure:17559: gcc -c -g -O2 -Wno-error=incompatible-pointer-types -pthread -Wall -Wextra -Wpedantic -Wformat=2 -Wconversion -Wno-deprecated-declarations -Wno-unused-command-line-argument -fPIE -fstack-protector-strong -fcf-protection=full -fstack-clash-protection -D_FORTIFY_SOURCE=2  conftest.c >&5
configure:17559: $? = 0
configure:17559: result: yes
configure:17565: checking for sys/ioctl.h
configure:17565: gcc -c -g -O2 -Wno-error=incompatible-pointer-types -pthread -Wall -Wextra -Wpedantic -Wformat=2 -Wconversion -Wno-deprecated-declarations -Wno-unused-command-line-argument -fPIE -fstack-protector-strong -fcf-protection=full -fstack-clash-protection -D_FORTIFY_SOURCE=2  conftest.c >&5
configure:17565: $? = 0
configure:17565: result: yes
configure:17571: checking for sys/filio.h
configure:17571: gcc -c -g -O2 -Wno-error=incompatible-pointer-types -pthread -Wall -Wextra -Wpedantic -Wformat=2 -Wconversion -Wno-deprecated-declarations -Wno-unused-command-line-argument -fPIE -fstack-protector-strong -fcf-protection=full -fstack-clash-protection -D_FORTIFY_SOURCE=2  conftest.c >&5
conftest.c:78:10: fatal error: sys/filio.h: No such file or directory
   78 | #include <sys/filio.h>
      |          ^~~~~~~~~~~~~
compilation terminated.
configure:17571: $? = 1
configure: failed program was:
| /* confdefs.h */
| #define PACKAGE_NAME "stunnel"
| #define PACKAGE_TARNAME "stunnel"
| #define PACKAGE_VERSION "5.75"
| #define PACKAGE_STRING "stunnel 5.75"
| #define PACKAGE_BUGREPORT ""
| #define PACKAGE_URL ""
| #define PACKAGE "stunnel"
| #define VERSION "5.75"
| #define HOST "x86_64-pc-linux-gnu"
| #define CPU_X86_64 1
| #define VENDOR_PC 1
| #define OS_LINUX_GNU 1
| #define _GNU_SOURCE 1
| #define HAVE_PTHREAD_PRIO_INHERIT 1
| #define USE_PTHREAD 1
| #define HAVE_STDIO_H 1
| #define HAVE_STDLIB_H 1
| #define HAVE_STRING_H 1
| #define HAVE_INTTYPES_H 1
| #define HAVE_STDINT_H 1
| #define HAVE_STRINGS_H 1
| #define HAVE_SYS_STAT_H 1
| #define HAVE_SYS_TYPES_H 1
| #define HAVE_UNISTD_H 1
| #define STDC_HEADERS 1
| #define HAVE_DLFCN_H 1
| #define LT_OBJDIR ".libs/"
| #define HAVE_STRUCT_SOCKADDR_UN 1
| #define HAVE_STRUCT_ADDRINFO 1
| #define HAVE_DEV_PTMX 1
| #define RANDOM_FILE "/dev/urandom"
| #define HAVE_STDINT_H 1
| #define HAVE_INTTYPES_H 1
| #define HAVE_MALLOC_H 1
| #define HAVE_UCONTEXT_H 1
| #define HAVE_PTHREAD_H 1
| #define HAVE_POLL_H 1
| #define HAVE_GRP_H 1
| #define HAVE_UNISTD_H 1
| #define HAVE_PTY_H 1
| #define HAVE_LIMITS_H 1
| #define HAVE_SYS_TYPES_H 1
| #define HAVE_SYS_SELECT_H 1
| #define HAVE_SYS_POLL_H 1
| #define HAVE_SYS_SOCKET_H 1
| #define HAVE_SYS_UN_H 1
| #define HAVE_SYS_IOCTL_H 1
| /* end confdefs.h.  */
| #include <stddef.h>
| #ifdef HAVE_STDIO_H
| # include <stdio.h>
| #endif
| #ifdef HAVE_STDLIB_H
| # include <stdlib.h>
| #endif
| #ifdef HAVE_STRING_H
| # include <string.h>
| #endif
| #ifdef HAVE_INTTYPES_H
| # include <inttypes.h>
| #endif
| #ifdef HAVE_STDINT_H
| # include <stdint.h>
| #endif
| #ifdef HAVE_STRINGS_H
| # include <strings.h>
| #endif
| #ifdef HAVE_SYS_TYPES_H
| # include <sys/types.h>
| #endif
| #ifdef HAVE_SYS_STAT_H
| # include <sys/stat.h>
| #endif
| #ifdef HAVE_UNISTD_H
| # include <unistd.h>
| #endif
| #include <sys/filio.h>
configure:17571: result: no
configure:17577: checking for sys/resource.h
configure:17577: gcc -c -g -O2 -Wno-error=incompatible-pointer-types -pthread -Wall -Wextra -Wpedantic -Wformat=2 -Wconversion -Wno-deprecated-declarations -Wno-unused-command-line-argument -fPIE -fstack-protector-strong -fcf-protection=full -fstack-clash-protection -D_FORTIFY_SOURCE=2  conftest.c >&5
configure:17577: $? = 0
configure:17577: result: yes
configure:17583: checking for sys/uio.h
configure:17583: gcc -c -g -O2 -Wno-error=incompatible-pointer-types -pthread -Wall -Wextra -Wpedantic -Wformat=2 -Wconversion -Wno-deprecated-declarations -Wno-unused-command-line-argument -fPIE -fstack-protector-strong -fcf-protection=full -fstack-clash-protection -D_FORTIFY_SOURCE=2  conftest.c >&5
configure:17583: $? = 0
configure:17583: result: yes
configure:17589: checking for sys/syscall.h
configure:17589: gcc -c -g -O2 -Wno-error=incompatible-pointer-types -pthread -Wall -Wextra -Wpedantic -Wformat=2 -Wconversion -Wno-deprecated-declarations -Wno-unused-command-line-argument -fPIE -fstack-protector-strong -fcf-protection=full -fstack-clash-protection -D_FORTIFY_SOURCE=2  conftest.c >&5
configure:17589: $? = 0
configure:17589: result: yes
configure:17595: checking for sys/param.h
configure:17595: gcc -c -g -O2 -Wno-error=incompatible-pointer-types -pthread -Wall -Wextra -Wpedantic -Wformat=2 -Wconversion -Wno-deprecated-declarations -Wno-unused-command-line-argument -fPIE -fstack-protector-strong -fcf-protection=full -fstack-clash-protection -D_FORTIFY_SOURCE=2  conftest.c >&5
configure:17595: $? = 0
configure:17595: result: yes
configure:17602: checking for linux/sched.h
configure:17602: gcc -c -g -O2 -Wno-error=incompatible-pointer-types -pthread -Wall -Wextra -Wpedantic -Wformat=2 -Wconversion -Wno-deprecated-declarations -Wno-unused-command-line-argument -fPIE -fstack-protector-strong -fcf-protection=full -fstack-clash-protection -D_FORTIFY_SOURCE=2  conftest.c >&5
configure:17602: $? = 0
configure:17602: result: yes
configure:17609: checking for struct msghdr.msg_control
configure:17609: gcc -c -g -O2 -Wno-error=incompatible-pointer-types -pthread -Wall -Wextra -Wpedantic -Wformat=2 -Wconversion -Wno-deprecated-declarations -Wno-unused-command-line-argument -fPIE -fstack-protector-strong -fcf-protection=full -fstack-clash-protection -D_FORTIFY_SOURCE=2  conftest.c >&5
configure:17609: $? = 0
configure:17609: result: yes
configure:17624: checking for linux/netfilter_ipv4.h
configure:17624: gcc -c -g -O2 -Wno-error=incompatible-pointer-types -pthread -Wall -Wextra -Wpedantic -Wformat=2 -Wconversion -Wno-deprecated-declarations -Wno-unused-command-line-argument -fPIE -fstack-protector-strong -fcf-protection=full -fstack-clash-protection -D_FORTIFY_SOURCE=2  conftest.c >&5
configure:17624: $? = 0
configure:17624: result: yes
configure:17637: checking for mimalloc.h
configure:17637: gcc -c -g -O2 -Wno-error=incompatible-pointer-types -pthread -Wall -Wextra -Wpedantic -Wformat=2 -Wconversion -Wno-deprecated-declarations -Wno-unused-command-line-argument -fPIE -fstack-protector-strong -fcf-protection=full -fstack-clash-protection -D_FORTIFY_SOURCE=2  conftest.c >&5
conftest.c:86:10: fatal error: mimalloc.h: No such file or directory
   86 | #include <mimalloc.h>
      |          ^~~~~~~~~~~~
compilation terminated.
configure:17637: $? = 1
configure: failed program was:
| /* confdefs.h */
| #define PACKAGE_NAME "stunnel"
| #define PACKAGE_TARNAME "stunnel"
| #define PACKAGE_VERSION "5.75"
| #define PACKAGE_STRING "stunnel 5.75"
| #define PACKAGE_BUGREPORT ""
| #define PACKAGE_URL ""
| #define PACKAGE "stunnel"
| #define VERSION "5.75"
| #define HOST "x86_64-pc-linux-gnu"
| #define CPU_X86_64 1
| #define VENDOR_PC 1
| #define OS_LINUX_GNU 1
| #define _GNU_SOURCE 1
| #define HAVE_PTHREAD_PRIO_INHERIT 1
| #define USE_PTHREAD 1
| #define HAVE_STDIO_H 1
| #define HAVE_STDLIB_H 1
| #define HAVE_STRING_H 1
| #define HAVE_INTTYPES_H 1
| #define HAVE_STDINT_H 1
| #define HAVE_STRINGS_H 1
| #define HAVE_SYS_STAT_H 1
| #define HAVE_SYS_TYPES_H 1
| #define HAVE_UNISTD_H 1
| #define STDC_HEADERS 1
| #define HAVE_DLFCN_H 1
| #define LT_OBJDIR ".libs/"
| #define HAVE_STRUCT_SOCKADDR_UN 1
| #define HAVE_STRUCT_ADDRINFO 1
| #define HAVE_DEV_PTMX 1
| #define RANDOM_FILE "/dev/urandom"
| #define HAVE_STDINT_H 1
| #define HAVE_INTTYPES_H 1
| #define HAVE_MALLOC_H 1
| #define HAVE_UCONTEXT_H 1
| #define HAVE_PTHREAD_H 1
| #define HAVE_POLL_H 1
| #define HAVE_GRP_H 1
| #define HAVE_UNISTD_H 1
| #define HAVE_PTY_H 1
| #define HAVE_LIMITS_H 1
| #define HAVE_SYS_TYPES_H 1
| #define HAVE_SYS_SELECT_H 1
| #define HAVE_SYS_POLL_H 1
| #define HAVE_SYS_SOCKET_H 1
| #define HAVE_SYS_UN_H 1
| #define HAVE_SYS_IOCTL_H 1
| #define HAVE_SYS_RESOURCE_H 1
| #define HAVE_SYS_UIO_H 1
| #define HAVE_SYS_SYSCALL_H 1
| #define HAVE_SYS_PARAM_H 1
| #define HAVE_LINUX_SCHED_H 1
| #define HAVE_STRUCT_MSGHDR_MSG_CONTROL 1
| #define HAVE_MSGHDR_MSG_CONTROL 1
| #define HAVE_LINUX_NETFILTER_IPV4_H 1
| /* end confdefs.h.  */
| #include <stddef.h>
| #ifdef HAVE_STDIO_H
| # include <stdio.h>
| #endif
| #ifdef HAVE_STDLIB_H
| # include <stdlib.h>
| #endif
| #ifdef HAVE_STRING_H
| # include <string.h>
| #endif
| #ifdef HAVE_INTTYPES_H
| # include <inttypes.h>
| #endif
| #ifdef HAVE_STDINT_H
| # include <stdint.h>
| #endif
| #ifdef HAVE_STRINGS_H
| # include <strings.h>
| #endif
| #ifdef HAVE_SYS_TYPES_H
| # include <sys/types.h>
| #endif
| #ifdef HAVE_SYS_STAT_H
| # include <sys/stat.h>
| #endif
| #ifdef HAVE_UNISTD_H
| # include <unistd.h>
| #endif
| #include <mimalloc.h>
configure:17637: result: no
configure:17645: **************************************** libraries
configure:17648: checking for library containing gethostbyname
configure:17684: gcc -o conftest -g -O2 -Wno-error=incompatible-pointer-types -pthread -Wall -Wextra -Wpedantic -Wformat=2 -Wconversion -Wno-deprecated-declarations -Wno-unused-command-line-argument -fPIE -fstack-protector-strong -fcf-protection=full -fstack-clash-protection -D_FORTIFY_SOURCE=2   -fPIE -pie -Wl,-z,relro -Wl,-z,now -Wl,-z,noexecstack conftest.c -lpthread  >&5
configure:17684: $? = 0
configure:17706: result: none required
configure:17715: checking for library containing yp_get_default_domain
configure:17751: gcc -o conftest -g -O2 -Wno-error=incompatible-pointer-types -pthread -Wall -Wextra -Wpedantic -Wformat=2 -Wconversion -Wno-deprecated-declarations -Wno-unused-command-line-argument -fPIE -fstack-protector-strong -fcf-protection=full -fstack-clash-protection -D_FORTIFY_SOURCE=2   -fPIE -pie -Wl,-z,relro -Wl,-z,now -Wl,-z,noexecstack conftest.c -lpthread  >&5
/usr/bin/x86_64-linux-gnu-ld.bfd: /tmp/ccinV2aF.o: in function `main':
/mnt/c/Users/babikp/Desktop/dev/lemon-chat/server-source-code/third-party/stunnel/stunnel-5.75/conftest.c:72:(.text.startup+0x9): undefined reference to `yp_get_default_domain'
collect2: error: ld returned 1 exit status
configure:17751: $? = 1
configure: failed program was:
| /* confdefs.h */
| #define PACKAGE_NAME "stunnel"
| #define PACKAGE_TARNAME "stunnel"
| #define PACKAGE_VERSION "5.75"
| #define PACKAGE_STRING "stunnel 5.75"
| #define PACKAGE_BUGREPORT ""
| #define PACKAGE_URL ""
| #define PACKAGE "stunnel"
| #define VERSION "5.75"
| #define HOST "x86_64-pc-linux-gnu"
| #define CPU_X86_64 1
| #define VENDOR_PC 1
| #define OS_LINUX_GNU 1
| #define _GNU_SOURCE 1
| #define HAVE_PTHREAD_PRIO_INHERIT 1
| #define USE_PTHREAD 1
| #define HAVE_STDIO_H 1
| #define HAVE_STDLIB_H 1
| #define HAVE_STRING_H 1
| #define HAVE_INTTYPES_H 1
| #define HAVE_STDINT_H 1
| #define HAVE_STRINGS_H 1
| #define HAVE_SYS_STAT_H 1
| #define HAVE_SYS_TYPES_H 1
| #define HAVE_UNISTD_H 1
| #define STDC_HEADERS 1
| #define HAVE_DLFCN_H 1
| #define LT_OBJDIR ".libs/"
| #define HAVE_STRUCT_SOCKADDR_UN 1
| #define HAVE_STRUCT_ADDRINFO 1
| #define HAVE_DEV_PTMX 1
| #define RANDOM_FILE "/dev/urandom"
| #define HAVE_STDINT_H 1
| #define HAVE_INTTYPES_H 1
| #define HAVE_MALLOC_H 1
| #define HAVE_UCONTEXT_H 1
| #define HAVE_PTHREAD_H 1
| #define HAVE_POLL_H 1
| #define HAVE_GRP_H 1
| #define HAVE_UNISTD_H 1
| #define HAVE_PTY_H 1
| #define HAVE_LIMITS_H 1
| #define HAVE_SYS_TYPES_H 1
| #define HAVE_SYS_SELECT_H 1
| #define HAVE_SYS_POLL_H 1
| #define HAVE_SYS_SOCKET_H 1
| #define HAVE_SYS_UN_H 1
| #define HAVE_SYS_IOCTL_H 1
| #define HAVE_SYS_RESOURCE_H 1
| #define HAVE_SYS_UIO_H 1
| #define HAVE_SYS_SYSCALL_H 1
| #define HAVE_SYS_PARAM_H 1
| #define HAVE_LINUX_SCHED_H 1
| #define HAVE_STRUCT_MSGHDR_MSG_CONTROL 1
| #define HAVE_MSGHDR_MSG_CONTROL 1
| #define HAVE_LINUX_NETFILTER_IPV4_H 1
| /* end confdefs.h.  */
| 
| /* Override any GCC internal prototype to avoid an error.
|    Use char because int might match the return type of a GCC
|    builtin and then its argument prototype would still apply.
|    The 'extern "C"' is for builds by C++ compilers;
|    although this is not generally supported in C code supporting it here
|    has little cost and some practical benefit (sr 110532).  */
| #ifdef __cplusplus
| extern "C"
| #endif
| char yp_get_default_domain (void);
| int
| main (void)
| {
| return yp_get_default_domain ();
|   ;
|   return 0;
| }
configure:17751: gcc -o conftest -g -O2 -Wno-error=incompatible-pointer-types -pthread -Wall -Wextra -Wpedantic -Wformat=2 -Wconversion -Wno-deprecated-declarations -Wno-unused-command-line-argument -fPIE -fstack-protector-strong -fcf-protection=full -fstack-clash-protection -D_FORTIFY_SOURCE=2   -fPIE -pie -Wl,-z,relro -Wl,-z,now -Wl,-z,noexecstack conftest.c -lnsl  -lpthread  >&5
/usr/bin/x86_64-linux-gnu-ld.bfd: cannot find -lnsl: No such file or directory
collect2: error: ld returned 1 exit status
configure:17751: $? = 1
configure: failed program was:
| /* confdefs.h */
| #define PACKAGE_NAME "stunnel"
| #define PACKAGE_TARNAME "stunnel"
| #define PACKAGE_VERSION "5.75"
| #define PACKAGE_STRING "stunnel 5.75"
| #define PACKAGE_BUGREPORT ""
| #define PACKAGE_URL ""
| #define PACKAGE "stunnel"
| #define VERSION "5.75"
| #define HOST "x86_64-pc-linux-gnu"
| #define CPU_X86_64 1
| #define VENDOR_PC 1
| #define OS_LINUX_GNU 1
| #define _GNU_SOURCE 1
| #define HAVE_PTHREAD_PRIO_INHERIT 1
| #define USE_PTHREAD 1
| #define HAVE_STDIO_H 1
| #define HAVE_STDLIB_H 1
| #define HAVE_STRING_H 1
| #define HAVE_INTTYPES_H 1
| #define HAVE_STDINT_H 1
| #define HAVE_STRINGS_H 1
| #define HAVE_SYS_STAT_H 1
| #define HAVE_SYS_TYPES_H 1
| #define HAVE_UNISTD_H 1
| #define STDC_HEADERS 1
| #define HAVE_DLFCN_H 1
| #define LT_OBJDIR ".libs/"
| #define HAVE_STRUCT_SOCKADDR_UN 1
| #define HAVE_STRUCT_ADDRINFO 1
| #define HAVE_DEV_PTMX 1
| #define RANDOM_FILE "/dev/urandom"
| #define HAVE_STDINT_H 1
| #define HAVE_INTTYPES_H 1
| #define HAVE_MALLOC_H 1
| #define HAVE_UCONTEXT_H 1
| #define HAVE_PTHREAD_H 1
| #define HAVE_POLL_H 1
| #define HAVE_GRP_H 1
| #define HAVE_UNISTD_H 1
| #define HAVE_PTY_H 1
| #define HAVE_LIMITS_H 1
| #define HAVE_SYS_TYPES_H 1
| #define HAVE_SYS_SELECT_H 1
| #define HAVE_SYS_POLL_H 1
| #define HAVE_SYS_SOCKET_H 1
| #define HAVE_SYS_UN_H 1
| #define HAVE_SYS_IOCTL_H 1
| #define HAVE_SYS_RESOURCE_H 1
| #define HAVE_SYS_UIO_H 1
| #define HAVE_SYS_SYSCALL_H 1
| #define HAVE_SYS_PARAM_H 1
| #define HAVE_LINUX_SCHED_H 1
| #define HAVE_STRUCT_MSGHDR_MSG_CONTROL 1
| #define HAVE_MSGHDR_MSG_CONTROL 1
| #define HAVE_LINUX_NETFILTER_IPV4_H 1
| /* end confdefs.h.  */
| 
| /* Override any GCC internal prototype to avoid an error.
|    Use char because int might match the return type of a GCC
|    builtin and then its argument prototype would still apply.
|    The 'extern "C"' is for builds by C++ compilers;
|    although this is not generally supported in C code supporting it here
|    has little cost and some practical benefit (sr 110532).  */
| #ifdef __cplusplus
| extern "C"
| #endif
| char yp_get_default_domain (void);
| int
| main (void)
| {
| return yp_get_default_domain ();
|   ;
|   return 0;
| }
configure:17773: result: no
configure:17782: checking for library containing socket
configure:17818: gcc -o conftest -g -O2 -Wno-error=incompatible-pointer-types -pthread -Wall -Wextra -Wpedantic -Wformat=2 -Wconversion -Wno-deprecated-declarations -Wno-unused-command-line-argument -fPIE -fstack-protector-strong -fcf-protection=full -fstack-clash-protection -D_FORTIFY_SOURCE=2   -fPIE -pie -Wl,-z,relro -Wl,-z,now -Wl,-z,noexecstack conftest.c -lpthread  >&5
configure:17818: $? = 0
configure:17840: result: none required
configure:17849: checking for library containing openpty
configure:17885: gcc -o conftest -g -O2 -Wno-error=incompatible-pointer-types -pthread -Wall -Wextra -Wpedantic -Wformat=2 -Wconversion -Wno-deprecated-declarations -Wno-unused-command-line-argument -fPIE -fstack-protector-strong -fcf-protection=full -fstack-clash-protection -D_FORTIFY_SOURCE=2   -fPIE -pie -Wl,-z,relro -Wl,-z,now -Wl,-z,noexecstack conftest.c -lpthread  >&5
configure:17885: $? = 0
configure:17907: result: none required
configure:17917: checking for library containing dlopen
configure:17953: gcc -o conftest -g -O2 -Wno-error=incompatible-pointer-types -pthread -Wall -Wextra -Wpedantic -Wformat=2 -Wconversion -Wno-deprecated-declarations -Wno-unused-command-line-argument -fPIE -fstack-protector-strong -fcf-protection=full -fstack-clash-protection -D_FORTIFY_SOURCE=2   -fPIE -pie -Wl,-z,relro -Wl,-z,now -Wl,-z,noexecstack conftest.c -lpthread  >&5
configure:17953: $? = 0
configure:17975: result: none required
configure:17984: checking for library containing shl_load
configure:18020: gcc -o conftest -g -O2 -Wno-error=incompatible-pointer-types -pthread -Wall -Wextra -Wpedantic -Wformat=2 -Wconversion -Wno-deprecated-declarations -Wno-unused-command-line-argument -fPIE -fstack-protector-strong -fcf-protection=full -fstack-clash-protection -D_FORTIFY_SOURCE=2   -fPIE -pie -Wl,-z,relro -Wl,-z,now -Wl,-z,noexecstack conftest.c -lpthread  >&5
/usr/bin/x86_64-linux-gnu-ld.bfd: /tmp/ccBcSQr6.o: in function `main':
/mnt/c/Users/babikp/Desktop/dev/lemon-chat/server-source-code/third-party/stunnel/stunnel-5.75/conftest.c:72:(.text.startup+0x9): undefined reference to `shl_load'
collect2: error: ld returned 1 exit status
configure:18020: $? = 1
configure: failed program was:
| /* confdefs.h */
| #define PACKAGE_NAME "stunnel"
| #define PACKAGE_TARNAME "stunnel"
| #define PACKAGE_VERSION "5.75"
| #define PACKAGE_STRING "stunnel 5.75"
| #define PACKAGE_BUGREPORT ""
| #define PACKAGE_URL ""
| #define PACKAGE "stunnel"
| #define VERSION "5.75"
| #define HOST "x86_64-pc-linux-gnu"
| #define CPU_X86_64 1
| #define VENDOR_PC 1
| #define OS_LINUX_GNU 1
| #define _GNU_SOURCE 1
| #define HAVE_PTHREAD_PRIO_INHERIT 1
| #define USE_PTHREAD 1
| #define HAVE_STDIO_H 1
| #define HAVE_STDLIB_H 1
| #define HAVE_STRING_H 1
| #define HAVE_INTTYPES_H 1
| #define HAVE_STDINT_H 1
| #define HAVE_STRINGS_H 1
| #define HAVE_SYS_STAT_H 1
| #define HAVE_SYS_TYPES_H 1
| #define HAVE_UNISTD_H 1
| #define STDC_HEADERS 1
| #define HAVE_DLFCN_H 1
| #define LT_OBJDIR ".libs/"
| #define HAVE_STRUCT_SOCKADDR_UN 1
| #define HAVE_STRUCT_ADDRINFO 1
| #define HAVE_DEV_PTMX 1
| #define RANDOM_FILE "/dev/urandom"
| #define HAVE_STDINT_H 1
| #define HAVE_INTTYPES_H 1
| #define HAVE_MALLOC_H 1
| #define HAVE_UCONTEXT_H 1
| #define HAVE_PTHREAD_H 1
| #define HAVE_POLL_H 1
| #define HAVE_GRP_H 1
| #define HAVE_UNISTD_H 1
| #define HAVE_PTY_H 1
| #define HAVE_LIMITS_H 1
| #define HAVE_SYS_TYPES_H 1
| #define HAVE_SYS_SELECT_H 1
| #define HAVE_SYS_POLL_H 1
| #define HAVE_SYS_SOCKET_H 1
| #define HAVE_SYS_UN_H 1
| #define HAVE_SYS_IOCTL_H 1
| #define HAVE_SYS_RESOURCE_H 1
| #define HAVE_SYS_UIO_H 1
| #define HAVE_SYS_SYSCALL_H 1
| #define HAVE_SYS_PARAM_H 1
| #define HAVE_LINUX_SCHED_H 1
| #define HAVE_STRUCT_MSGHDR_MSG_CONTROL 1
| #define HAVE_MSGHDR_MSG_CONTROL 1
| #define HAVE_LINUX_NETFILTER_IPV4_H 1
| /* end confdefs.h.  */
| 
| /* Override any GCC internal prototype to avoid an error.
|    Use char because int might match the return type of a GCC
|    builtin and then its argument prototype would still apply.
|    The 'extern "C"' is for builds by C++ compilers;
|    although this is not generally supported in C code supporting it here
|    has little cost and some practical benefit (sr 110532).  */
| #ifdef __cplusplus
| extern "C"
| #endif
| char shl_load (void);
| int
| main (void)
| {
| return shl_load ();
|   ;
|   return 0;
| }
configure:18020: gcc -o conftest -g -O2 -Wno-error=incompatible-pointer-types -pthread -Wall -Wextra -Wpedantic -Wformat=2 -Wconversion -Wno-deprecated-declarations -Wno-unused-command-line-argument -fPIE -fstack-protector-strong -fcf-protection=full -fstack-clash-protection -D_FORTIFY_SOURCE=2   -fPIE -pie -Wl,-z,relro -Wl,-z,now -Wl,-z,noexecstack conftest.c -ldld  -lpthread  >&5
/usr/bin/x86_64-linux-gnu-ld.bfd: cannot find -ldld: No such file or directory
collect2: error: ld returned 1 exit status
configure:18020: $? = 1
configure: failed program was:
| /* confdefs.h */
| #define PACKAGE_NAME "stunnel"
| #define PACKAGE_TARNAME "stunnel"
| #define PACKAGE_VERSION "5.75"
| #define PACKAGE_STRING "stunnel 5.75"
| #define PACKAGE_BUGREPORT ""
| #define PACKAGE_URL ""
| #define PACKAGE "stunnel"
| #define VERSION "5.75"
| #define HOST "x86_64-pc-linux-gnu"
| #define CPU_X86_64 1
| #define VENDOR_PC 1
| #define OS_LINUX_GNU 1
| #define _GNU_SOURCE 1
| #define HAVE_PTHREAD_PRIO_INHERIT 1
| #define USE_PTHREAD 1
| #define HAVE_STDIO_H 1
| #define HAVE_STDLIB_H 1
| #define HAVE_STRING_H 1
| #define HAVE_INTTYPES_H 1
| #define HAVE_STDINT_H 1
| #define HAVE_STRINGS_H 1
| #define HAVE_SYS_STAT_H 1
| #define HAVE_SYS_TYPES_H 1
| #define HAVE_UNISTD_H 1
| #define STDC_HEADERS 1
| #define HAVE_DLFCN_H 1
| #define LT_OBJDIR ".libs/"
| #define HAVE_STRUCT_SOCKADDR_UN 1
| #define HAVE_STRUCT_ADDRINFO 1
| #define HAVE_DEV_PTMX 1
| #define RANDOM_FILE "/dev/urandom"
| #define HAVE_STDINT_H 1
| #define HAVE_INTTYPES_H 1
| #define HAVE_MALLOC_H 1
| #define HAVE_UCONTEXT_H 1
| #define HAVE_PTHREAD_H 1
| #define HAVE_POLL_H 1
| #define HAVE_GRP_H 1
| #define HAVE_UNISTD_H 1
| #define HAVE_PTY_H 1
| #define HAVE_LIMITS_H 1
| #define HAVE_SYS_TYPES_H 1
| #define HAVE_SYS_SELECT_H 1
| #define HAVE_SYS_POLL_H 1
| #define HAVE_SYS_SOCKET_H 1
| #define HAVE_SYS_UN_H 1
| #define HAVE_SYS_IOCTL_H 1
| #define HAVE_SYS_RESOURCE_H 1
| #define HAVE_SYS_UIO_H 1
| #define HAVE_SYS_SYSCALL_H 1
| #define HAVE_SYS_PARAM_H 1
| #define HAVE_LINUX_SCHED_H 1
| #define HAVE_STRUCT_MSGHDR_MSG_CONTROL 1
| #define HAVE_MSGHDR_MSG_CONTROL 1
| #define HAVE_LINUX_NETFILTER_IPV4_H 1
| /* end confdefs.h.  */
| 
| /* Override any GCC internal prototype to avoid an error.
|    Use char because int might match the return type of a GCC
|    builtin and then its argument prototype would still apply.
|    The 'extern "C"' is for builds by C++ compilers;
|    although this is not generally supported in C code supporting it here
|    has little cost and some practical benefit (sr 110532).  */
| #ifdef __cplusplus
| extern "C"
| #endif
| char shl_load (void);
| int
| main (void)
| {
| return shl_load ();
|   ;
|   return 0;
| }
configure:18042: result: no
configure:18052: checking for library containing mi_malloc
configure:18088: gcc -o conftest -g -O2 -Wno-error=incompatible-pointer-types -pthread -Wall -Wextra -Wpedantic -Wformat=2 -Wconversion -Wno-deprecated-declarations -Wno-unused-command-line-argument -fPIE -fstack-protector-strong -fcf-protection=full -fstack-clash-protection -D_FORTIFY_SOURCE=2   -fPIE -pie -Wl,-z,relro -Wl,-z,now -Wl,-z,noexecstack conftest.c -lpthread  >&5
/usr/bin/x86_64-linux-gnu-ld.bfd: /tmp/cciwz3Fd.o: in function `main':
/mnt/c/Users/babikp/Desktop/dev/lemon-chat/server-source-code/third-party/stunnel/stunnel-5.75/conftest.c:72:(.text.startup+0x9): undefined reference to `mi_malloc'
collect2: error: ld returned 1 exit status
configure:18088: $? = 1
configure: failed program was:
| /* confdefs.h */
| #define PACKAGE_NAME "stunnel"
| #define PACKAGE_TARNAME "stunnel"
| #define PACKAGE_VERSION "5.75"
| #define PACKAGE_STRING "stunnel 5.75"
| #define PACKAGE_BUGREPORT ""
| #define PACKAGE_URL ""
| #define PACKAGE "stunnel"
| #define VERSION "5.75"
| #define HOST "x86_64-pc-linux-gnu"
| #define CPU_X86_64 1
| #define VENDOR_PC 1
| #define OS_LINUX_GNU 1
| #define _GNU_SOURCE 1
| #define HAVE_PTHREAD_PRIO_INHERIT 1
| #define USE_PTHREAD 1
| #define HAVE_STDIO_H 1
| #define HAVE_STDLIB_H 1
| #define HAVE_STRING_H 1
| #define HAVE_INTTYPES_H 1
| #define HAVE_STDINT_H 1
| #define HAVE_STRINGS_H 1
| #define HAVE_SYS_STAT_H 1
| #define HAVE_SYS_TYPES_H 1
| #define HAVE_UNISTD_H 1
| #define STDC_HEADERS 1
| #define HAVE_DLFCN_H 1
| #define LT_OBJDIR ".libs/"
| #define HAVE_STRUCT_SOCKADDR_UN 1
| #define HAVE_STRUCT_ADDRINFO 1
| #define HAVE_DEV_PTMX 1
| #define RANDOM_FILE "/dev/urandom"
| #define HAVE_STDINT_H 1
| #define HAVE_INTTYPES_H 1
| #define HAVE_MALLOC_H 1
| #define HAVE_UCONTEXT_H 1
| #define HAVE_PTHREAD_H 1
| #define HAVE_POLL_H 1
| #define HAVE_GRP_H 1
| #define HAVE_UNISTD_H 1
| #define HAVE_PTY_H 1
| #define HAVE_LIMITS_H 1
| #define HAVE_SYS_TYPES_H 1
| #define HAVE_SYS_SELECT_H 1
| #define HAVE_SYS_POLL_H 1
| #define HAVE_SYS_SOCKET_H 1
| #define HAVE_SYS_UN_H 1
| #define HAVE_SYS_IOCTL_H 1
| #define HAVE_SYS_RESOURCE_H 1
| #define HAVE_SYS_UIO_H 1
| #define HAVE_SYS_SYSCALL_H 1
| #define HAVE_SYS_PARAM_H 1
| #define HAVE_LINUX_SCHED_H 1
| #define HAVE_STRUCT_MSGHDR_MSG_CONTROL 1
| #define HAVE_MSGHDR_MSG_CONTROL 1
| #define HAVE_LINUX_NETFILTER_IPV4_H 1
| /* end confdefs.h.  */
| 
| /* Override any GCC internal prototype to avoid an error.
|    Use char because int might match the return type of a GCC
|    builtin and then its argument prototype would still apply.
|    The 'extern "C"' is for builds by C++ compilers;
|    although this is not generally supported in C code supporting it here
|    has little cost and some practical benefit (sr 110532).  */
| #ifdef __cplusplus
| extern "C"
| #endif
| char mi_malloc (void);
| int
| main (void)
| {
| return mi_malloc ();
|   ;
|   return 0;
| }
configure:18088: gcc -o conftest -g -O2 -Wno-error=incompatible-pointer-types -pthread -Wall -Wextra -Wpedantic -Wformat=2 -Wconversion -Wno-deprecated-declarations -Wno-unused-command-line-argument -fPIE -fstack-protector-strong -fcf-protection=full -fstack-clash-protection -D_FORTIFY_SOURCE=2   -fPIE -pie -Wl,-z,relro -Wl,-z,now -Wl,-z,noexecstack conftest.c -lmimalloc  -lpthread  >&5
/usr/bin/x86_64-linux-gnu-ld.bfd: cannot find -lmimalloc: No such file or directory
collect2: error: ld returned 1 exit status
configure:18088: $? = 1
configure: failed program was:
| /* confdefs.h */
| #define PACKAGE_NAME "stunnel"
| #define PACKAGE_TARNAME "stunnel"
| #define PACKAGE_VERSION "5.75"
| #define PACKAGE_STRING "stunnel 5.75"
| #define PACKAGE_BUGREPORT ""
| #define PACKAGE_URL ""
| #define PACKAGE "stunnel"
| #define VERSION "5.75"
| #define HOST "x86_64-pc-linux-gnu"
| #define CPU_X86_64 1
| #define VENDOR_PC 1
| #define OS_LINUX_GNU 1
| #define _GNU_SOURCE 1
| #define HAVE_PTHREAD_PRIO_INHERIT 1
| #define USE_PTHREAD 1
| #define HAVE_STDIO_H 1
| #define HAVE_STDLIB_H 1
| #define HAVE_STRING_H 1
| #define HAVE_INTTYPES_H 1
| #define HAVE_STDINT_H 1
| #define HAVE_STRINGS_H 1
| #define HAVE_SYS_STAT_H 1
| #define HAVE_SYS_TYPES_H 1
| #define HAVE_UNISTD_H 1
| #define STDC_HEADERS 1
| #define HAVE_DLFCN_H 1
| #define LT_OBJDIR ".libs/"
| #define HAVE_STRUCT_SOCKADDR_UN 1
| #define HAVE_STRUCT_ADDRINFO 1
| #define HAVE_DEV_PTMX 1
| #define RANDOM_FILE "/dev/urandom"
| #define HAVE_STDINT_H 1
| #define HAVE_INTTYPES_H 1
| #define HAVE_MALLOC_H 1
| #define HAVE_UCONTEXT_H 1
| #define HAVE_PTHREAD_H 1
| #define HAVE_POLL_H 1
| #define HAVE_GRP_H 1
| #define HAVE_UNISTD_H 1
| #define HAVE_PTY_H 1
| #define HAVE_LIMITS_H 1
| #define HAVE_SYS_TYPES_H 1
| #define HAVE_SYS_SELECT_H 1
| #define HAVE_SYS_POLL_H 1
| #define HAVE_SYS_SOCKET_H 1
| #define HAVE_SYS_UN_H 1
| #define HAVE_SYS_IOCTL_H 1
| #define HAVE_SYS_RESOURCE_H 1
| #define HAVE_SYS_UIO_H 1
| #define HAVE_SYS_SYSCALL_H 1
| #define HAVE_SYS_PARAM_H 1
| #define HAVE_LINUX_SCHED_H 1
| #define HAVE_STRUCT_MSGHDR_MSG_CONTROL 1
| #define HAVE_MSGHDR_MSG_CONTROL 1
| #define HAVE_LINUX_NETFILTER_IPV4_H 1
| /* end confdefs.h.  */
| 
| /* Override any GCC internal prototype to avoid an error.
|    Use char because int might match the return type of a GCC
|    builtin and then its argument prototype would still apply.
|    The 'extern "C"' is for builds by C++ compilers;
|    although this is not generally supported in C code supporting it here
|    has little cost and some practical benefit (sr 110532).  */
| #ifdef __cplusplus
| extern "C"
| #endif
| char mi_malloc (void);
| int
| main (void)
| {
| return mi_malloc ();
|   ;
|   return 0;
| }
configure:18110: result: no
configure:18125: **************************************** library functions
configure:18128: checking for snprintf
configure:18128: gcc -o conftest -g -O2 -Wno-error=incompatible-pointer-types -pthread -Wall -Wextra -Wpedantic -Wformat=2 -Wconversion -Wno-deprecated-declarations -Wno-unused-command-line-argument -fPIE -fstack-protector-strong -fcf-protection=full -fstack-clash-protection -D_FORTIFY_SOURCE=2   -fPIE -pie -Wl,-z,relro -Wl,-z,now -Wl,-z,noexecstack conftest.c -lpthread  >&5
conftest.c:74:6: warning: conflicting types for built-in function 'snprintf'; expected 'int(char *, long unsigned int,  const char *, ...)' [-Wbuiltin-declaration-mismatch]
   74 | char snprintf (void);
      |      ^~~~~~~~
conftest.c:66:1: note: 'snprintf' is declared in header '<stdio.h>'
   65 | #include <limits.h>
   66 | #undef snprintf
cc1: note: unrecognized command-line option '-Wno-unused-command-line-argument' may have been intended to silence earlier diagnostics
configure:18128: $? = 0
configure:18128: result: yes
configure:18134: checking for vsnprintf
configure:18134: gcc -o conftest -g -O2 -Wno-error=incompatible-pointer-types -pthread -Wall -Wextra -Wpedantic -Wformat=2 -Wconversion -Wno-deprecated-declarations -Wno-unused-command-line-argument -fPIE -fstack-protector-strong -fcf-protection=full -fstack-clash-protection -D_FORTIFY_SOURCE=2   -fPIE -pie -Wl,-z,relro -Wl,-z,now -Wl,-z,noexecstack conftest.c -lpthread  >&5
conftest.c:75:6: warning: conflicting types for built-in function 'vsnprintf'; expected 'int(char *, long unsigned int,  const char *, __va_list_tag *)' [-Wbuiltin-declaration-mismatch]
   75 | char vsnprintf (void);
      |      ^~~~~~~~~
conftest.c:67:1: note: 'vsnprintf' is declared in header '<stdio.h>'
   66 | #include <limits.h>
   67 | #undef vsnprintf
cc1: note: unrecognized command-line option '-Wno-unused-command-line-argument' may have been intended to silence earlier diagnostics
configure:18134: $? = 0
configure:18134: result: yes
configure:18142: checking for openpty
configure:18142: gcc -o conftest -g -O2 -Wno-error=incompatible-pointer-types -pthread -Wall -Wextra -Wpedantic -Wformat=2 -Wconversion -Wno-deprecated-declarations -Wno-unused-command-line-argument -fPIE -fstack-protector-strong -fcf-protection=full -fstack-clash-protection -D_FORTIFY_SOURCE=2   -fPIE -pie -Wl,-z,relro -Wl,-z,now -Wl,-z,noexecstack conftest.c -lpthread  >&5
configure:18142: $? = 0
configure:18142: result: yes
configure:18148: checking for _getpty
configure:18148: gcc -o conftest -g -O2 -Wno-error=incompatible-pointer-types -pthread -Wall -Wextra -Wpedantic -Wformat=2 -Wconversion -Wno-deprecated-declarations -Wno-unused-command-line-argument -fPIE -fstack-protector-strong -fcf-protection=full -fstack-clash-protection -D_FORTIFY_SOURCE=2   -fPIE -pie -Wl,-z,relro -Wl,-z,now -Wl,-z,noexecstack conftest.c -lpthread  >&5
/usr/bin/x86_64-linux-gnu-ld.bfd: /tmp/ccWNCC7N.o: in function `main':
/mnt/c/Users/babikp/Desktop/dev/lemon-chat/server-source-code/third-party/stunnel/stunnel-5.75/conftest.c:88:(.text.startup+0x9): undefined reference to `_getpty'
collect2: error: ld returned 1 exit status
configure:18148: $? = 1
configure: failed program was:
| /* confdefs.h */
| #define PACKAGE_NAME "stunnel"
| #define PACKAGE_TARNAME "stunnel"
| #define PACKAGE_VERSION "5.75"
| #define PACKAGE_STRING "stunnel 5.75"
| #define PACKAGE_BUGREPORT ""
| #define PACKAGE_URL ""
| #define PACKAGE "stunnel"
| #define VERSION "5.75"
| #define HOST "x86_64-pc-linux-gnu"
| #define CPU_X86_64 1
| #define VENDOR_PC 1
| #define OS_LINUX_GNU 1
| #define _GNU_SOURCE 1
| #define HAVE_PTHREAD_PRIO_INHERIT 1
| #define USE_PTHREAD 1
| #define HAVE_STDIO_H 1
| #define HAVE_STDLIB_H 1
| #define HAVE_STRING_H 1
| #define HAVE_INTTYPES_H 1
| #define HAVE_STDINT_H 1
| #define HAVE_STRINGS_H 1
| #define HAVE_SYS_STAT_H 1
| #define HAVE_SYS_TYPES_H 1
| #define HAVE_UNISTD_H 1
| #define STDC_HEADERS 1
| #define HAVE_DLFCN_H 1
| #define LT_OBJDIR ".libs/"
| #define HAVE_STRUCT_SOCKADDR_UN 1
| #define HAVE_STRUCT_ADDRINFO 1
| #define HAVE_DEV_PTMX 1
| #define RANDOM_FILE "/dev/urandom"
| #define HAVE_STDINT_H 1
| #define HAVE_INTTYPES_H 1
| #define HAVE_MALLOC_H 1
| #define HAVE_UCONTEXT_H 1
| #define HAVE_PTHREAD_H 1
| #define HAVE_POLL_H 1
| #define HAVE_GRP_H 1
| #define HAVE_UNISTD_H 1
| #define HAVE_PTY_H 1
| #define HAVE_LIMITS_H 1
| #define HAVE_SYS_TYPES_H 1
| #define HAVE_SYS_SELECT_H 1
| #define HAVE_SYS_POLL_H 1
| #define HAVE_SYS_SOCKET_H 1
| #define HAVE_SYS_UN_H 1
| #define HAVE_SYS_IOCTL_H 1
| #define HAVE_SYS_RESOURCE_H 1
| #define HAVE_SYS_UIO_H 1
| #define HAVE_SYS_SYSCALL_H 1
| #define HAVE_SYS_PARAM_H 1
| #define HAVE_LINUX_SCHED_H 1
| #define HAVE_STRUCT_MSGHDR_MSG_CONTROL 1
| #define HAVE_MSGHDR_MSG_CONTROL 1
| #define HAVE_LINUX_NETFILTER_IPV4_H 1
| #define HAVE_SNPRINTF 1
| #define HAVE_VSNPRINTF 1
| #define HAVE_OPENPTY 1
| /* end confdefs.h.  */
| /* Define _getpty to an innocuous variant, in case <limits.h> declares _getpty.
|    For example, HP-UX 11i <limits.h> declares gettimeofday.  */
| #define _getpty innocuous__getpty
| 
| /* System header to define __stub macros and hopefully few prototypes,
|    which can conflict with char _getpty (void); below.  */
| 
| #include <limits.h>
| #undef _getpty
| 
| /* Override any GCC internal prototype to avoid an error.
|    Use char because int might match the return type of a GCC
|    builtin and then its argument prototype would still apply.  */
| #ifdef __cplusplus
| extern "C"
| #endif
| char _getpty (void);
| /* The GNU C library defines this for functions which it implements
|     to always fail with ENOSYS.  Some functions are actually named
|     something starting with __ and the normal name is an alias.  */
| #if defined __stub__getpty || defined __stub____getpty
| choke me
| #endif
| 
| int
| main (void)
| {
| return _getpty ();
|   ;
|   return 0;
| }
configure:18148: result: no
configure:18156: checking for daemon
configure:18156: gcc -o conftest -g -O2 -Wno-error=incompatible-pointer-types -pthread -Wall -Wextra -Wpedantic -Wformat=2 -Wconversion -Wno-deprecated-declarations -Wno-unused-command-line-argument -fPIE -fstack-protector-strong -fcf-protection=full -fstack-clash-protection -D_FORTIFY_SOURCE=2   -fPIE -pie -Wl,-z,relro -Wl,-z,now -Wl,-z,noexecstack conftest.c -lpthread  >&5
configure:18156: $? = 0
configure:18156: result: yes
configure:18162: checking for waitpid
configure:18162: gcc -o conftest -g -O2 -Wno-error=incompatible-pointer-types -pthread -Wall -Wextra -Wpedantic -Wformat=2 -Wconversion -Wno-deprecated-declarations -Wno-unused-command-line-argument -fPIE -fstack-protector-strong -fcf-protection=full -fstack-clash-protection -D_FORTIFY_SOURCE=2   -fPIE -pie -Wl,-z,relro -Wl,-z,now -Wl,-z,noexecstack conftest.c -lpthread  >&5
configure:18162: $? = 0
configure:18162: result: yes
configure:18168: checking for wait4
configure:18168: gcc -o conftest -g -O2 -Wno-error=incompatible-pointer-types -pthread -Wall -Wextra -Wpedantic -Wformat=2 -Wconversion -Wno-deprecated-declarations -Wno-unused-command-line-argument -fPIE -fstack-protector-strong -fcf-protection=full -fstack-clash-protection -D_FORTIFY_SOURCE=2   -fPIE -pie -Wl,-z,relro -Wl,-z,now -Wl,-z,noexecstack conftest.c -lpthread  >&5
configure:18168: $? = 0
configure:18168: result: yes
configure:18174: checking for setsid
configure:18174: gcc -o conftest -g -O2 -Wno-error=incompatible-pointer-types -pthread -Wall -Wextra -Wpedantic -Wformat=2 -Wconversion -Wno-deprecated-declarations -Wno-unused-command-line-argument -fPIE -fstack-protector-strong -fcf-protection=full -fstack-clash-protection -D_FORTIFY_SOURCE=2   -fPIE -pie -Wl,-z,relro -Wl,-z,now -Wl,-z,noexecstack conftest.c -lpthread  >&5
configure:18174: $? = 0
configure:18174: result: yes
configure:18180: checking for setgroups
configure:18180: gcc -o conftest -g -O2 -Wno-error=incompatible-pointer-types -pthread -Wall -Wextra -Wpedantic -Wformat=2 -Wconversion -Wno-deprecated-declarations -Wno-unused-command-line-argument -fPIE -fstack-protector-strong -fcf-protection=full -fstack-clash-protection -D_FORTIFY_SOURCE=2   -fPIE -pie -Wl,-z,relro -Wl,-z,now -Wl,-z,noexecstack conftest.c -lpthread  >&5
configure:18180: $? = 0
configure:18180: result: yes
configure:18186: checking for chroot
configure:18186: gcc -o conftest -g -O2 -Wno-error=incompatible-pointer-types -pthread -Wall -Wextra -Wpedantic -Wformat=2 -Wconversion -Wno-deprecated-declarations -Wno-unused-command-line-argument -fPIE -fstack-protector-strong -fcf-protection=full -fstack-clash-protection -D_FORTIFY_SOURCE=2   -fPIE -pie -Wl,-z,relro -Wl,-z,now -Wl,-z,noexecstack conftest.c -lpthread  >&5
configure:18186: $? = 0
configure:18186: result: yes
configure:18192: checking for realpath
configure:18192: gcc -o conftest -g -O2 -Wno-error=incompatible-pointer-types -pthread -Wall -Wextra -Wpedantic -Wformat=2 -Wconversion -Wno-deprecated-declarations -Wno-unused-command-line-argument -fPIE -fstack-protector-strong -fcf-protection=full -fstack-clash-protection -D_FORTIFY_SOURCE=2   -fPIE -pie -Wl,-z,relro -Wl,-z,now -Wl,-z,noexecstack conftest.c -lpthread  >&5
configure:18192: $? = 0
configure:18192: result: yes
configure:18200: checking for sysconf
configure:18200: gcc -o conftest -g -O2 -Wno-error=incompatible-pointer-types -pthread -Wall -Wextra -Wpedantic -Wformat=2 -Wconversion -Wno-deprecated-declarations -Wno-unused-command-line-argument -fPIE -fstack-protector-strong -fcf-protection=full -fstack-clash-protection -D_FORTIFY_SOURCE=2   -fPIE -pie -Wl,-z,relro -Wl,-z,now -Wl,-z,noexecstack conftest.c -lpthread  >&5
configure:18200: $? = 0
configure:18200: result: yes
configure:18206: checking for getrlimit
configure:18206: gcc -o conftest -g -O2 -Wno-error=incompatible-pointer-types -pthread -Wall -Wextra -Wpedantic -Wformat=2 -Wconversion -Wno-deprecated-declarations -Wno-unused-command-line-argument -fPIE -fstack-protector-strong -fcf-protection=full -fstack-clash-protection -D_FORTIFY_SOURCE=2   -fPIE -pie -Wl,-z,relro -Wl,-z,now -Wl,-z,noexecstack conftest.c -lpthread  >&5
configure:18206: $? = 0
configure:18206: result: yes
configure:18214: checking for pthread_sigmask
configure:18214: gcc -o conftest -g -O2 -Wno-error=incompatible-pointer-types -pthread -Wall -Wextra -Wpedantic -Wformat=2 -Wconversion -Wno-deprecated-declarations -Wno-unused-command-line-argument -fPIE -fstack-protector-strong -fcf-protection=full -fstack-clash-protection -D_FORTIFY_SOURCE=2   -fPIE -pie -Wl,-z,relro -Wl,-z,now -Wl,-z,noexecstack conftest.c -lpthread  >&5
configure:18214: $? = 0
configure:18214: result: yes
configure:18220: checking for localtime_r
configure:18220: gcc -o conftest -g -O2 -Wno-error=incompatible-pointer-types -pthread -Wall -Wextra -Wpedantic -Wformat=2 -Wconversion -Wno-deprecated-declarations -Wno-unused-command-line-argument -fPIE -fstack-protector-strong -fcf-protection=full -fstack-clash-protection -D_FORTIFY_SOURCE=2   -fPIE -pie -Wl,-z,relro -Wl,-z,now -Wl,-z,noexecstack conftest.c -lpthread  >&5
configure:18220: $? = 0
configure:18220: result: yes
configure:18228: checking for getcontext
configure:18228: gcc -o conftest -g -O2 -Wno-error=incompatible-pointer-types -pthread -Wall -Wextra -Wpedantic -Wformat=2 -Wconversion -Wno-deprecated-declarations -Wno-unused-command-line-argument -fPIE -fstack-protector-strong -fcf-protection=full -fstack-clash-protection -D_FORTIFY_SOURCE=2   -fPIE -pie -Wl,-z,relro -Wl,-z,now -Wl,-z,noexecstack conftest.c -lpthread  >&5
configure:18228: $? = 0
configure:18228: result: yes
configure:18234: checking for __makecontext_v2
configure:18234: gcc -o conftest -g -O2 -Wno-error=incompatible-pointer-types -pthread -Wall -Wextra -Wpedantic -Wformat=2 -Wconversion -Wno-deprecated-declarations -Wno-unused-command-line-argument -fPIE -fstack-protector-strong -fcf-protection=full -fstack-clash-protection -D_FORTIFY_SOURCE=2   -fPIE -pie -Wl,-z,relro -Wl,-z,now -Wl,-z,noexecstack conftest.c -lpthread  >&5
/usr/bin/x86_64-linux-gnu-ld.bfd: /tmp/ccPOlGHz.o: in function `main':
/mnt/c/Users/babikp/Desktop/dev/lemon-chat/server-source-code/third-party/stunnel/stunnel-5.75/conftest.c:100:(.text.startup+0x9): undefined reference to `__makecontext_v2'
collect2: error: ld returned 1 exit status
configure:18234: $? = 1
configure: failed program was:
| /* confdefs.h */
| #define PACKAGE_NAME "stunnel"
| #define PACKAGE_TARNAME "stunnel"
| #define PACKAGE_VERSION "5.75"
| #define PACKAGE_STRING "stunnel 5.75"
| #define PACKAGE_BUGREPORT ""
| #define PACKAGE_URL ""
| #define PACKAGE "stunnel"
| #define VERSION "5.75"
| #define HOST "x86_64-pc-linux-gnu"
| #define CPU_X86_64 1
| #define VENDOR_PC 1
| #define OS_LINUX_GNU 1
| #define _GNU_SOURCE 1
| #define HAVE_PTHREAD_PRIO_INHERIT 1
| #define USE_PTHREAD 1
| #define HAVE_STDIO_H 1
| #define HAVE_STDLIB_H 1
| #define HAVE_STRING_H 1
| #define HAVE_INTTYPES_H 1
| #define HAVE_STDINT_H 1
| #define HAVE_STRINGS_H 1
| #define HAVE_SYS_STAT_H 1
| #define HAVE_SYS_TYPES_H 1
| #define HAVE_UNISTD_H 1
| #define STDC_HEADERS 1
| #define HAVE_DLFCN_H 1
| #define LT_OBJDIR ".libs/"
| #define HAVE_STRUCT_SOCKADDR_UN 1
| #define HAVE_STRUCT_ADDRINFO 1
| #define HAVE_DEV_PTMX 1
| #define RANDOM_FILE "/dev/urandom"
| #define HAVE_STDINT_H 1
| #define HAVE_INTTYPES_H 1
| #define HAVE_MALLOC_H 1
| #define HAVE_UCONTEXT_H 1
| #define HAVE_PTHREAD_H 1
| #define HAVE_POLL_H 1
| #define HAVE_GRP_H 1
| #define HAVE_UNISTD_H 1
| #define HAVE_PTY_H 1
| #define HAVE_LIMITS_H 1
| #define HAVE_SYS_TYPES_H 1
| #define HAVE_SYS_SELECT_H 1
| #define HAVE_SYS_POLL_H 1
| #define HAVE_SYS_SOCKET_H 1
| #define HAVE_SYS_UN_H 1
| #define HAVE_SYS_IOCTL_H 1
| #define HAVE_SYS_RESOURCE_H 1
| #define HAVE_SYS_UIO_H 1
| #define HAVE_SYS_SYSCALL_H 1
| #define HAVE_SYS_PARAM_H 1
| #define HAVE_LINUX_SCHED_H 1
| #define HAVE_STRUCT_MSGHDR_MSG_CONTROL 1
| #define HAVE_MSGHDR_MSG_CONTROL 1
| #define HAVE_LINUX_NETFILTER_IPV4_H 1
| #define HAVE_SNPRINTF 1
| #define HAVE_VSNPRINTF 1
| #define HAVE_OPENPTY 1
| #define HAVE_DAEMON 1
| #define HAVE_WAITPID 1
| #define HAVE_WAIT4 1
| #define HAVE_SETSID 1
| #define HAVE_SETGROUPS 1
| #define HAVE_CHROOT 1
| #define HAVE_REALPATH 1
| #define HAVE_SYSCONF 1
| #define HAVE_GETRLIMIT 1
| #define HAVE_PTHREAD_SIGMASK 1
| #define HAVE_LOCALTIME_R 1
| #define HAVE_GETCONTEXT 1
| /* end confdefs.h.  */
| /* Define __makecontext_v2 to an innocuous variant, in case <limits.h> declares __makecontext_v2.
|    For example, HP-UX 11i <limits.h> declares gettimeofday.  */
| #define __makecontext_v2 innocuous___makecontext_v2
| 
| /* System header to define __stub macros and hopefully few prototypes,
|    which can conflict with char __makecontext_v2 (void); below.  */
| 
| #include <limits.h>
| #undef __makecontext_v2
| 
| /* Override any GCC internal prototype to avoid an error.
|    Use char because int might match the return type of a GCC
|    builtin and then its argument prototype would still apply.  */
| #ifdef __cplusplus
| extern "C"
| #endif
| char __makecontext_v2 (void);
| /* The GNU C library defines this for functions which it implements
|     to always fail with ENOSYS.  Some functions are actually named
|     something starting with __ and the normal name is an alias.  */
| #if defined __stub___makecontext_v2 || defined __stub_____makecontext_v2
| choke me
| #endif
| 
| int
| main (void)
| {
| return __makecontext_v2 ();
|   ;
|   return 0;
| }
configure:18234: result: no
configure:18242: checking for poll
configure:18242: gcc -o conftest -g -O2 -Wno-error=incompatible-pointer-types -pthread -Wall -Wextra -Wpedantic -Wformat=2 -Wconversion -Wno-deprecated-declarations -Wno-unused-command-line-argument -fPIE -fstack-protector-strong -fcf-protection=full -fstack-clash-protection -D_FORTIFY_SOURCE=2   -fPIE -pie -Wl,-z,relro -Wl,-z,now -Wl,-z,noexecstack conftest.c -lpthread  >&5
configure:18242: $? = 0
configure:18242: result: yes
configure:18248: checking for gethostbyname2
configure:18248: gcc -o conftest -g -O2 -Wno-error=incompatible-pointer-types -pthread -Wall -Wextra -Wpedantic -Wformat=2 -Wconversion -Wno-deprecated-declarations -Wno-unused-command-line-argument -fPIE -fstack-protector-strong -fcf-protection=full -fstack-clash-protection -D_FORTIFY_SOURCE=2   -fPIE -pie -Wl,-z,relro -Wl,-z,now -Wl,-z,noexecstack conftest.c -lpthread  >&5
configure:18248: $? = 0
configure:18248: result: yes
configure:18254: checking for endhostent
configure:18254: gcc -o conftest -g -O2 -Wno-error=incompatible-pointer-types -pthread -Wall -Wextra -Wpedantic -Wformat=2 -Wconversion -Wno-deprecated-declarations -Wno-unused-command-line-argument -fPIE -fstack-protector-strong -fcf-protection=full -fstack-clash-protection -D_FORTIFY_SOURCE=2   -fPIE -pie -Wl,-z,relro -Wl,-z,now -Wl,-z,noexecstack conftest.c -lpthread  >&5
configure:18254: $? = 0
configure:18254: result: yes
configure:18260: checking for getnameinfo
configure:18260: gcc -o conftest -g -O2 -Wno-error=incompatible-pointer-types -pthread -Wall -Wextra -Wpedantic -Wformat=2 -Wconversion -Wno-deprecated-declarations -Wno-unused-command-line-argument -fPIE -fstack-protector-strong -fcf-protection=full -fstack-clash-protection -D_FORTIFY_SOURCE=2   -fPIE -pie -Wl,-z,relro -Wl,-z,now -Wl,-z,noexecstack conftest.c -lpthread  >&5
configure:18260: $? = 0
configure:18260: result: yes
configure:18267: checking for getaddrinfo
configure:18296: gcc -o conftest -g -O2 -Wno-error=incompatible-pointer-types -pthread -Wall -Wextra -Wpedantic -Wformat=2 -Wconversion -Wno-deprecated-declarations -Wno-unused-command-line-argument -fPIE -fstack-protector-strong -fcf-protection=full -fstack-clash-protection -D_FORTIFY_SOURCE=2   -fPIE -pie -Wl,-z,relro -Wl,-z,now -Wl,-z,noexecstack conftest.c -lpthread  >&5
configure:18296: $? = 0
configure:18298: result: yes
configure:18312: checking for broken poll() implementation
configure:18323: result: no
configure:18328: checking for pipe2
configure:18328: gcc -o conftest -g -O2 -Wno-error=incompatible-pointer-types -pthread -Wall -Wextra -Wpedantic -Wformat=2 -Wconversion -Wno-deprecated-declarations -Wno-unused-command-line-argument -fPIE -fstack-protector-strong -fcf-protection=full -fstack-clash-protection -D_FORTIFY_SOURCE=2   -fPIE -pie -Wl,-z,relro -Wl,-z,now -Wl,-z,noexecstack conftest.c -lpthread  >&5
configure:18328: $? = 0
configure:18328: result: yes
configure:18334: checking for accept4
configure:18334: gcc -o conftest -g -O2 -Wno-error=incompatible-pointer-types -pthread -Wall -Wextra -Wpedantic -Wformat=2 -Wconversion -Wno-deprecated-declarations -Wno-unused-command-line-argument -fPIE -fstack-protector-strong -fcf-protection=full -fstack-clash-protection -D_FORTIFY_SOURCE=2   -fPIE -pie -Wl,-z,relro -Wl,-z,now -Wl,-z,noexecstack conftest.c -lpthread  >&5
configure:18334: $? = 0
configure:18334: result: yes
configure:18342: **************************************** optional features
configure:18345: checking whether to enable IPv6 support
configure:18369: result: yes (default)
configure:18380: checking whether to enable FIPS support
configure:18407: result: autodetecting
configure:18416: checking whether to enable systemd socket activation support
configure:18507: result: autodetecting
configure:18510: checking for library containing sd_listen_fds
configure:18546: gcc -o conftest -g -O2 -Wno-error=incompatible-pointer-types -pthread -Wall -Wextra -Wpedantic -Wformat=2 -Wconversion -Wno-deprecated-declarations -Wno-unused-command-line-argument -fPIE -fstack-protector-strong -fcf-protection=full -fstack-clash-protection -D_FORTIFY_SOURCE=2   -fPIE -pie -Wl,-z,relro -Wl,-z,now -Wl,-z,noexecstack conftest.c -lpthread  >&5
/usr/bin/x86_64-linux-gnu-ld.bfd: /tmp/ccoD52lG.o: in function `main':
/mnt/c/Users/babikp/Desktop/dev/lemon-chat/server-source-code/third-party/stunnel/stunnel-5.75/conftest.c:95:(.text.startup+0x9): undefined reference to `sd_listen_fds'
collect2: error: ld returned 1 exit status
configure:18546: $? = 1
configure: failed program was:
| /* confdefs.h */
| #define PACKAGE_NAME "stunnel"
| #define PACKAGE_TARNAME "stunnel"
| #define PACKAGE_VERSION "5.75"
| #define PACKAGE_STRING "stunnel 5.75"
| #define PACKAGE_BUGREPORT ""
| #define PACKAGE_URL ""
| #define PACKAGE "stunnel"
| #define VERSION "5.75"
| #define HOST "x86_64-pc-linux-gnu"
| #define CPU_X86_64 1
| #define VENDOR_PC 1
| #define OS_LINUX_GNU 1
| #define _GNU_SOURCE 1
| #define HAVE_PTHREAD_PRIO_INHERIT 1
| #define USE_PTHREAD 1
| #define HAVE_STDIO_H 1
| #define HAVE_STDLIB_H 1
| #define HAVE_STRING_H 1
| #define HAVE_INTTYPES_H 1
| #define HAVE_STDINT_H 1
| #define HAVE_STRINGS_H 1
| #define HAVE_SYS_STAT_H 1
| #define HAVE_SYS_TYPES_H 1
| #define HAVE_UNISTD_H 1
| #define STDC_HEADERS 1
| #define HAVE_DLFCN_H 1
| #define LT_OBJDIR ".libs/"
| #define HAVE_STRUCT_SOCKADDR_UN 1
| #define HAVE_STRUCT_ADDRINFO 1
| #define HAVE_DEV_PTMX 1
| #define RANDOM_FILE "/dev/urandom"
| #define HAVE_STDINT_H 1
| #define HAVE_INTTYPES_H 1
| #define HAVE_MALLOC_H 1
| #define HAVE_UCONTEXT_H 1
| #define HAVE_PTHREAD_H 1
| #define HAVE_POLL_H 1
| #define HAVE_GRP_H 1
| #define HAVE_UNISTD_H 1
| #define HAVE_PTY_H 1
| #define HAVE_LIMITS_H 1
| #define HAVE_SYS_TYPES_H 1
| #define HAVE_SYS_SELECT_H 1
| #define HAVE_SYS_POLL_H 1
| #define HAVE_SYS_SOCKET_H 1
| #define HAVE_SYS_UN_H 1
| #define HAVE_SYS_IOCTL_H 1
| #define HAVE_SYS_RESOURCE_H 1
| #define HAVE_SYS_UIO_H 1
| #define HAVE_SYS_SYSCALL_H 1
| #define HAVE_SYS_PARAM_H 1
| #define HAVE_LINUX_SCHED_H 1
| #define HAVE_STRUCT_MSGHDR_MSG_CONTROL 1
| #define HAVE_MSGHDR_MSG_CONTROL 1
| #define HAVE_LINUX_NETFILTER_IPV4_H 1
| #define HAVE_SNPRINTF 1
| #define HAVE_VSNPRINTF 1
| #define HAVE_OPENPTY 1
| #define HAVE_DAEMON 1
| #define HAVE_WAITPID 1
| #define HAVE_WAIT4 1
| #define HAVE_SETSID 1
| #define HAVE_SETGROUPS 1
| #define HAVE_CHROOT 1
| #define HAVE_REALPATH 1
| #define HAVE_SYSCONF 1
| #define HAVE_GETRLIMIT 1
| #define HAVE_PTHREAD_SIGMASK 1
| #define HAVE_LOCALTIME_R 1
| #define HAVE_GETCONTEXT 1
| #define HAVE_POLL 1
| #define HAVE_GETHOSTBYNAME2 1
| #define HAVE_ENDHOSTENT 1
| #define HAVE_GETNAMEINFO 1
| #define HAVE_GETADDRINFO 1
| #define HAVE_PIPE2 1
| #define HAVE_ACCEPT4 1
| #define USE_IPv6 1
| /* end confdefs.h.  */
| 
| /* Override any GCC internal prototype to avoid an error.
|    Use char because int might match the return type of a GCC
|    builtin and then its argument prototype would still apply.
|    The 'extern "C"' is for builds by C++ compilers;
|    although this is not generally supported in C code supporting it here
|    has little cost and some practical benefit (sr 110532).  */
| #ifdef __cplusplus
| extern "C"
| #endif
| char sd_listen_fds (void);
| int
| main (void)
| {
| return sd_listen_fds ();
|   ;
|   return 0;
| }
configure:18546: gcc -o conftest -g -O2 -Wno-error=incompatible-pointer-types -pthread -Wall -Wextra -Wpedantic -Wformat=2 -Wconversion -Wno-deprecated-declarations -Wno-unused-command-line-argument -fPIE -fstack-protector-strong -fcf-protection=full -fstack-clash-protection -D_FORTIFY_SOURCE=2   -fPIE -pie -Wl,-z,relro -Wl,-z,now -Wl,-z,noexecstack conftest.c -lsystemd  -lpthread  >&5
/usr/bin/x86_64-linux-gnu-ld.bfd: cannot find -lsystemd: No such file or directory
collect2: error: ld returned 1 exit status
configure:18546: $? = 1
configure: failed program was:
| /* confdefs.h */
| #define PACKAGE_NAME "stunnel"
| #define PACKAGE_TARNAME "stunnel"
| #define PACKAGE_VERSION "5.75"
| #define PACKAGE_STRING "stunnel 5.75"
| #define PACKAGE_BUGREPORT ""
| #define PACKAGE_URL ""
| #define PACKAGE "stunnel"
| #define VERSION "5.75"
| #define HOST "x86_64-pc-linux-gnu"
| #define CPU_X86_64 1
| #define VENDOR_PC 1
| #define OS_LINUX_GNU 1
| #define _GNU_SOURCE 1
| #define HAVE_PTHREAD_PRIO_INHERIT 1
| #define USE_PTHREAD 1
| #define HAVE_STDIO_H 1
| #define HAVE_STDLIB_H 1
| #define HAVE_STRING_H 1
| #define HAVE_INTTYPES_H 1
| #define HAVE_STDINT_H 1
| #define HAVE_STRINGS_H 1
| #define HAVE_SYS_STAT_H 1
| #define HAVE_SYS_TYPES_H 1
| #define HAVE_UNISTD_H 1
| #define STDC_HEADERS 1
| #define HAVE_DLFCN_H 1
| #define LT_OBJDIR ".libs/"
| #define HAVE_STRUCT_SOCKADDR_UN 1
| #define HAVE_STRUCT_ADDRINFO 1
| #define HAVE_DEV_PTMX 1
| #define RANDOM_FILE "/dev/urandom"
| #define HAVE_STDINT_H 1
| #define HAVE_INTTYPES_H 1
| #define HAVE_MALLOC_H 1
| #define HAVE_UCONTEXT_H 1
| #define HAVE_PTHREAD_H 1
| #define HAVE_POLL_H 1
| #define HAVE_GRP_H 1
| #define HAVE_UNISTD_H 1
| #define HAVE_PTY_H 1
| #define HAVE_LIMITS_H 1
| #define HAVE_SYS_TYPES_H 1
| #define HAVE_SYS_SELECT_H 1
| #define HAVE_SYS_POLL_H 1
| #define HAVE_SYS_SOCKET_H 1
| #define HAVE_SYS_UN_H 1
| #define HAVE_SYS_IOCTL_H 1
| #define HAVE_SYS_RESOURCE_H 1
| #define HAVE_SYS_UIO_H 1
| #define HAVE_SYS_SYSCALL_H 1
| #define HAVE_SYS_PARAM_H 1
| #define HAVE_LINUX_SCHED_H 1
| #define HAVE_STRUCT_MSGHDR_MSG_CONTROL 1
| #define HAVE_MSGHDR_MSG_CONTROL 1
| #define HAVE_LINUX_NETFILTER_IPV4_H 1
| #define HAVE_SNPRINTF 1
| #define HAVE_VSNPRINTF 1
| #define HAVE_OPENPTY 1
| #define HAVE_DAEMON 1
| #define HAVE_WAITPID 1
| #define HAVE_WAIT4 1
| #define HAVE_SETSID 1
| #define HAVE_SETGROUPS 1
| #define HAVE_CHROOT 1
| #define HAVE_REALPATH 1
| #define HAVE_SYSCONF 1
| #define HAVE_GETRLIMIT 1
| #define HAVE_PTHREAD_SIGMASK 1
| #define HAVE_LOCALTIME_R 1
| #define HAVE_GETCONTEXT 1
| #define HAVE_POLL 1
| #define HAVE_GETHOSTBYNAME2 1
| #define HAVE_ENDHOSTENT 1
| #define HAVE_GETNAMEINFO 1
| #define HAVE_GETADDRINFO 1
| #define HAVE_PIPE2 1
| #define HAVE_ACCEPT4 1
| #define USE_IPv6 1
| /* end confdefs.h.  */
| 
| /* Override any GCC internal prototype to avoid an error.
|    Use char because int might match the return type of a GCC
|    builtin and then its argument prototype would still apply.
|    The 'extern "C"' is for builds by C++ compilers;
|    although this is not generally supported in C code supporting it here
|    has little cost and some practical benefit (sr 110532).  */
| #ifdef __cplusplus
| extern "C"
| #endif
| char sd_listen_fds (void);
| int
| main (void)
| {
| return sd_listen_fds ();
|   ;
|   return 0;
| }
configure:18546: gcc -o conftest -g -O2 -Wno-error=incompatible-pointer-types -pthread -Wall -Wextra -Wpedantic -Wformat=2 -Wconversion -Wno-deprecated-declarations -Wno-unused-command-line-argument -fPIE -fstack-protector-strong -fcf-protection=full -fstack-clash-protection -D_FORTIFY_SOURCE=2   -fPIE -pie -Wl,-z,relro -Wl,-z,now -Wl,-z,noexecstack conftest.c -lsystemd-daemon  -lpthread  >&5
/usr/bin/x86_64-linux-gnu-ld.bfd: cannot find -lsystemd-daemon: No such file or directory
collect2: error: ld returned 1 exit status
configure:18546: $? = 1
configure: failed program was:
| /* confdefs.h */
| #define PACKAGE_NAME "stunnel"
| #define PACKAGE_TARNAME "stunnel"
| #define PACKAGE_VERSION "5.75"
| #define PACKAGE_STRING "stunnel 5.75"
| #define PACKAGE_BUGREPORT ""
| #define PACKAGE_URL ""
| #define PACKAGE "stunnel"
| #define VERSION "5.75"
| #define HOST "x86_64-pc-linux-gnu"
| #define CPU_X86_64 1
| #define VENDOR_PC 1
| #define OS_LINUX_GNU 1
| #define _GNU_SOURCE 1
| #define HAVE_PTHREAD_PRIO_INHERIT 1
| #define USE_PTHREAD 1
| #define HAVE_STDIO_H 1
| #define HAVE_STDLIB_H 1
| #define HAVE_STRING_H 1
| #define HAVE_INTTYPES_H 1
| #define HAVE_STDINT_H 1
| #define HAVE_STRINGS_H 1
| #define HAVE_SYS_STAT_H 1
| #define HAVE_SYS_TYPES_H 1
| #define HAVE_UNISTD_H 1
| #define STDC_HEADERS 1
| #define HAVE_DLFCN_H 1
| #define LT_OBJDIR ".libs/"
| #define HAVE_STRUCT_SOCKADDR_UN 1
| #define HAVE_STRUCT_ADDRINFO 1
| #define HAVE_DEV_PTMX 1
| #define RANDOM_FILE "/dev/urandom"
| #define HAVE_STDINT_H 1
| #define HAVE_INTTYPES_H 1
| #define HAVE_MALLOC_H 1
| #define HAVE_UCONTEXT_H 1
| #define HAVE_PTHREAD_H 1
| #define HAVE_POLL_H 1
| #define HAVE_GRP_H 1
| #define HAVE_UNISTD_H 1
| #define HAVE_PTY_H 1
| #define HAVE_LIMITS_H 1
| #define HAVE_SYS_TYPES_H 1
| #define HAVE_SYS_SELECT_H 1
| #define HAVE_SYS_POLL_H 1
| #define HAVE_SYS_SOCKET_H 1
| #define HAVE_SYS_UN_H 1
| #define HAVE_SYS_IOCTL_H 1
| #define HAVE_SYS_RESOURCE_H 1
| #define HAVE_SYS_UIO_H 1
| #define HAVE_SYS_SYSCALL_H 1
| #define HAVE_SYS_PARAM_H 1
| #define HAVE_LINUX_SCHED_H 1
| #define HAVE_STRUCT_MSGHDR_MSG_CONTROL 1
| #define HAVE_MSGHDR_MSG_CONTROL 1
| #define HAVE_LINUX_NETFILTER_IPV4_H 1
| #define HAVE_SNPRINTF 1
| #define HAVE_VSNPRINTF 1
| #define HAVE_OPENPTY 1
| #define HAVE_DAEMON 1
| #define HAVE_WAITPID 1
| #define HAVE_WAIT4 1
| #define HAVE_SETSID 1
| #define HAVE_SETGROUPS 1
| #define HAVE_CHROOT 1
| #define HAVE_REALPATH 1
| #define HAVE_SYSCONF 1
| #define HAVE_GETRLIMIT 1
| #define HAVE_PTHREAD_SIGMASK 1
| #define HAVE_LOCALTIME_R 1
| #define HAVE_GETCONTEXT 1
| #define HAVE_POLL 1
| #define HAVE_GETHOSTBYNAME2 1
| #define HAVE_ENDHOSTENT 1
| #define HAVE_GETNAMEINFO 1
| #define HAVE_GETADDRINFO 1
| #define HAVE_PIPE2 1
| #define HAVE_ACCEPT4 1
| #define USE_IPv6 1
| /* end confdefs.h.  */
| 
| /* Override any GCC internal prototype to avoid an error.
|    Use char because int might match the return type of a GCC
|    builtin and then its argument prototype would still apply.
|    The 'extern "C"' is for builds by C++ compilers;
|    although this is not generally supported in C code supporting it here
|    has little cost and some practical benefit (sr 110532).  */
| #ifdef __cplusplus
| extern "C"
| #endif
| char sd_listen_fds (void);
| int
| main (void)
| {
| return sd_listen_fds ();
|   ;
|   return 0;
| }
configure:18568: result: no
configure:18598: systemd library not found
configure:18612: checking whether to enable TCP wrappers support
configure:18637: result: autodetecting
configure:18639: checking for hosts_access in -lwrap
configure:18656: gcc -o conftest -g -O2 -Wno-error=incompatible-pointer-types -pthread -Wall -Wextra -Wpedantic -Wformat=2 -Wconversion -Wno-deprecated-declarations -Wno-unused-command-line-argument -fPIE -fstack-protector-strong -fcf-protection=full -fstack-clash-protection -D_FORTIFY_SOURCE=2   -fPIE -pie -Wl,-z,relro -Wl,-z,now -Wl,-z,noexecstack conftest.c -lpthread  -lwrap >&5
/usr/bin/x86_64-linux-gnu-ld.bfd: cannot find -lwrap: No such file or directory
collect2: error: ld returned 1 exit status
configure:18656: $? = 1
configure: failed program was:
| /* confdefs.h */
| #define PACKAGE_NAME "stunnel"
| #define PACKAGE_TARNAME "stunnel"
| #define PACKAGE_VERSION "5.75"
| #define PACKAGE_STRING "stunnel 5.75"
| #define PACKAGE_BUGREPORT ""
| #define PACKAGE_URL ""
| #define PACKAGE "stunnel"
| #define VERSION "5.75"
| #define HOST "x86_64-pc-linux-gnu"
| #define CPU_X86_64 1
| #define VENDOR_PC 1
| #define OS_LINUX_GNU 1
| #define _GNU_SOURCE 1
| #define HAVE_PTHREAD_PRIO_INHERIT 1
| #define USE_PTHREAD 1
| #define HAVE_STDIO_H 1
| #define HAVE_STDLIB_H 1
| #define HAVE_STRING_H 1
| #define HAVE_INTTYPES_H 1
| #define HAVE_STDINT_H 1
| #define HAVE_STRINGS_H 1
| #define HAVE_SYS_STAT_H 1
| #define HAVE_SYS_TYPES_H 1
| #define HAVE_UNISTD_H 1
| #define STDC_HEADERS 1
| #define HAVE_DLFCN_H 1
| #define LT_OBJDIR ".libs/"
| #define HAVE_STRUCT_SOCKADDR_UN 1
| #define HAVE_STRUCT_ADDRINFO 1
| #define HAVE_DEV_PTMX 1
| #define RANDOM_FILE "/dev/urandom"
| #define HAVE_STDINT_H 1
| #define HAVE_INTTYPES_H 1
| #define HAVE_MALLOC_H 1
| #define HAVE_UCONTEXT_H 1
| #define HAVE_PTHREAD_H 1
| #define HAVE_POLL_H 1
| #define HAVE_GRP_H 1
| #define HAVE_UNISTD_H 1
| #define HAVE_PTY_H 1
| #define HAVE_LIMITS_H 1
| #define HAVE_SYS_TYPES_H 1
| #define HAVE_SYS_SELECT_H 1
| #define HAVE_SYS_POLL_H 1
| #define HAVE_SYS_SOCKET_H 1
| #define HAVE_SYS_UN_H 1
| #define HAVE_SYS_IOCTL_H 1
| #define HAVE_SYS_RESOURCE_H 1
| #define HAVE_SYS_UIO_H 1
| #define HAVE_SYS_SYSCALL_H 1
| #define HAVE_SYS_PARAM_H 1
| #define HAVE_LINUX_SCHED_H 1
| #define HAVE_STRUCT_MSGHDR_MSG_CONTROL 1
| #define HAVE_MSGHDR_MSG_CONTROL 1
| #define HAVE_LINUX_NETFILTER_IPV4_H 1
| #define HAVE_SNPRINTF 1
| #define HAVE_VSNPRINTF 1
| #define HAVE_OPENPTY 1
| #define HAVE_DAEMON 1
| #define HAVE_WAITPID 1
| #define HAVE_WAIT4 1
| #define HAVE_SETSID 1
| #define HAVE_SETGROUPS 1
| #define HAVE_CHROOT 1
| #define HAVE_REALPATH 1
| #define HAVE_SYSCONF 1
| #define HAVE_GETRLIMIT 1
| #define HAVE_PTHREAD_SIGMASK 1
| #define HAVE_LOCALTIME_R 1
| #define HAVE_GETCONTEXT 1
| #define HAVE_POLL 1
| #define HAVE_GETHOSTBYNAME2 1
| #define HAVE_ENDHOSTENT 1
| #define HAVE_GETNAMEINFO 1
| #define HAVE_GETADDRINFO 1
| #define HAVE_PIPE2 1
| #define HAVE_ACCEPT4 1
| #define USE_IPv6 1
| /* end confdefs.h.  */
| 
|                 int hosts_access(); int allow_severity, deny_severity;
| int
| main (void)
| {
| hosts_access()
|   ;
|   return 0;
| }
| 
configure:18669: result: no
configure:18672: libwrap library not found
configure:18686: **************************************** TLS
configure:18730: checking for TLS directory
configure:18751: result: /mnt/c/Users/babikp/Desktop/dev/lemon-chat/server-source-code/third-party/stunnel/openssl
configure:18761: checking for FIPS_mode_set
configure:18761: gcc -o conftest -g -O2 -Wno-error=incompatible-pointer-types -pthread -Wall -Wextra -Wpedantic -Wformat=2 -Wconversion -Wno-deprecated-declarations -Wno-unused-command-line-argument -fPIE -fstack-protector-strong -fcf-protection=full -fstack-clash-protection -D_FORTIFY_SOURCE=2  -I/mnt/c/Users/babikp/Desktop/dev/lemon-chat/server-source-code/third-party/stunnel/openssl/include  -fPIE -pie -Wl,-z,relro -Wl,-z,now -Wl,-z,noexecstack conftest.c -lpthread  -L/mnt/c/Users/babikp/Desktop/dev/lemon-chat/server-source-code/third-party/stunnel/openssl/lib64 -L/mnt/c/Users/babikp/Desktop/dev/lemon-chat/server-source-code/third-party/stunnel/openssl/lib -lssl -lcrypto >&5
/usr/bin/x86_64-linux-gnu-ld.bfd: /tmp/ccZlKAia.o: in function `main':
/mnt/c/Users/babikp/Desktop/dev/lemon-chat/server-source-code/third-party/stunnel/stunnel-5.75/conftest.c:109:(.text.startup+0x9): undefined reference to `FIPS_mode_set'
collect2: error: ld returned 1 exit status
configure:18761: $? = 1
configure: failed program was:
| /* confdefs.h */
| #define PACKAGE_NAME "stunnel"
| #define PACKAGE_TARNAME "stunnel"
| #define PACKAGE_VERSION "5.75"
| #define PACKAGE_STRING "stunnel 5.75"
| #define PACKAGE_BUGREPORT ""
| #define PACKAGE_URL ""
| #define PACKAGE "stunnel"
| #define VERSION "5.75"
| #define HOST "x86_64-pc-linux-gnu"
| #define CPU_X86_64 1
| #define VENDOR_PC 1
| #define OS_LINUX_GNU 1
| #define _GNU_SOURCE 1
| #define HAVE_PTHREAD_PRIO_INHERIT 1
| #define USE_PTHREAD 1
| #define HAVE_STDIO_H 1
| #define HAVE_STDLIB_H 1
| #define HAVE_STRING_H 1
| #define HAVE_INTTYPES_H 1
| #define HAVE_STDINT_H 1
| #define HAVE_STRINGS_H 1
| #define HAVE_SYS_STAT_H 1
| #define HAVE_SYS_TYPES_H 1
| #define HAVE_UNISTD_H 1
| #define STDC_HEADERS 1
| #define HAVE_DLFCN_H 1
| #define LT_OBJDIR ".libs/"
| #define HAVE_STRUCT_SOCKADDR_UN 1
| #define HAVE_STRUCT_ADDRINFO 1
| #define HAVE_DEV_PTMX 1
| #define RANDOM_FILE "/dev/urandom"
| #define HAVE_STDINT_H 1
| #define HAVE_INTTYPES_H 1
| #define HAVE_MALLOC_H 1
| #define HAVE_UCONTEXT_H 1
| #define HAVE_PTHREAD_H 1
| #define HAVE_POLL_H 1
| #define HAVE_GRP_H 1
| #define HAVE_UNISTD_H 1
| #define HAVE_PTY_H 1
| #define HAVE_LIMITS_H 1
| #define HAVE_SYS_TYPES_H 1
| #define HAVE_SYS_SELECT_H 1
| #define HAVE_SYS_POLL_H 1
| #define HAVE_SYS_SOCKET_H 1
| #define HAVE_SYS_UN_H 1
| #define HAVE_SYS_IOCTL_H 1
| #define HAVE_SYS_RESOURCE_H 1
| #define HAVE_SYS_UIO_H 1
| #define HAVE_SYS_SYSCALL_H 1
| #define HAVE_SYS_PARAM_H 1
| #define HAVE_LINUX_SCHED_H 1
| #define HAVE_STRUCT_MSGHDR_MSG_CONTROL 1
| #define HAVE_MSGHDR_MSG_CONTROL 1
| #define HAVE_LINUX_NETFILTER_IPV4_H 1
| #define HAVE_SNPRINTF 1
| #define HAVE_VSNPRINTF 1
| #define HAVE_OPENPTY 1
| #define HAVE_DAEMON 1
| #define HAVE_WAITPID 1
| #define HAVE_WAIT4 1
| #define HAVE_SETSID 1
| #define HAVE_SETGROUPS 1
| #define HAVE_CHROOT 1
| #define HAVE_REALPATH 1
| #define HAVE_SYSCONF 1
| #define HAVE_GETRLIMIT 1
| #define HAVE_PTHREAD_SIGMASK 1
| #define HAVE_LOCALTIME_R 1
| #define HAVE_GETCONTEXT 1
| #define HAVE_POLL 1
| #define HAVE_GETHOSTBYNAME2 1
| #define HAVE_ENDHOSTENT 1
| #define HAVE_GETNAMEINFO 1
| #define HAVE_GETADDRINFO 1
| #define HAVE_PIPE2 1
| #define HAVE_ACCEPT4 1
| #define USE_IPv6 1
| #define SSLDIR "/mnt/c/Users/babikp/Desktop/dev/lemon-chat/server-source-code/third-party/stunnel/openssl"
| /* end confdefs.h.  */
| /* Define FIPS_mode_set to an innocuous variant, in case <limits.h> declares FIPS_mode_set.
|    For example, HP-UX 11i <limits.h> declares gettimeofday.  */
| #define FIPS_mode_set innocuous_FIPS_mode_set
| 
| /* System header to define __stub macros and hopefully few prototypes,
|    which can conflict with char FIPS_mode_set (void); below.  */
| 
| #include <limits.h>
| #undef FIPS_mode_set
| 
| /* Override any GCC internal prototype to avoid an error.
|    Use char because int might match the return type of a GCC
|    builtin and then its argument prototype would still apply.  */
| #ifdef __cplusplus
| extern "C"
| #endif
| char FIPS_mode_set (void);
| /* The GNU C library defines this for functions which it implements
|     to always fail with ENOSYS.  Some functions are actually named
|     something starting with __ and the normal name is an alias.  */
| #if defined __stub_FIPS_mode_set || defined __stub___FIPS_mode_set
| choke me
| #endif
| 
| int
| main (void)
| {
| return FIPS_mode_set ();
|   ;
|   return 0;
| }
configure:18761: result: no
configure:18767: checking for OSSL_PROVIDER_available
configure:18767: gcc -o conftest -g -O2 -Wno-error=incompatible-pointer-types -pthread -Wall -Wextra -Wpedantic -Wformat=2 -Wconversion -Wno-deprecated-declarations -Wno-unused-command-line-argument -fPIE -fstack-protector-strong -fcf-protection=full -fstack-clash-protection -D_FORTIFY_SOURCE=2  -I/mnt/c/Users/babikp/Desktop/dev/lemon-chat/server-source-code/third-party/stunnel/openssl/include  -fPIE -pie -Wl,-z,relro -Wl,-z,now -Wl,-z,noexecstack conftest.c -lpthread  -L/mnt/c/Users/babikp/Desktop/dev/lemon-chat/server-source-code/third-party/stunnel/openssl/lib64 -L/mnt/c/Users/babikp/Desktop/dev/lemon-chat/server-source-code/third-party/stunnel/openssl/lib -lssl -lcrypto >&5
configure:18767: $? = 0
configure:18767: result: yes
configure:18779: FIPS support enabled
configure:18787: checking whether DH parameters need to be updated
configure:18795: result: no
configure:18799: updating version.txt
configure:18807: **************************************** write the results
configure:18920: checking that generated files are newer than configure
configure:18926: result: done
configure:18967: creating ./config.status

## ---------------------- ##
## Running config.status. ##
## ---------------------- ##

This file was extended by stunnel config.status 5.75, which was
generated by GNU Autoconf 2.72.  Invocation command line was

  CONFIG_FILES    = 
  CONFIG_HEADERS  = 
  CONFIG_LINKS    = 
  CONFIG_COMMANDS = 
  $ ./config.status 

on babik-pc

config.status:1165: creating Makefile
config.status:1165: creating src/Makefile
config.status:1165: creating doc/Makefile
config.status:1165: creating tools/Makefile
config.status:1165: creating tests/Makefile
config.status:1165: creating tests/certs/Makefile
config.status:1165: creating src/config.h
config.status:1394: executing depfiles commands
config.status:1469: cd src       && sed -e '/# am--include-marker/d' Makefile         | make -f - am--depfiles
config.status:1476: $? = 0
config.status:1394: executing libtool commands
configure:21125: **************************************** success

## ---------------- ##
## Cache variables. ##
## ---------------- ##

ac_cv_build=x86_64-pc-linux-gnu
ac_cv_c_compiler_gnu=yes
ac_cv_c_int16_t=yes
ac_cv_c_int32_t=yes
ac_cv_c_int64_t=yes
ac_cv_c_int8_t=yes
ac_cv_c_uint16_t=yes
ac_cv_c_uint32_t=yes
ac_cv_c_uint64_t=yes
ac_cv_c_uint8_t=yes
ac_cv_env_CC_set=
ac_cv_env_CC_value=
ac_cv_env_CFLAGS_set=set
ac_cv_env_CFLAGS_value='-g -O2 -Wno-error=incompatible-pointer-types'
ac_cv_env_CPPFLAGS_set=
ac_cv_env_CPPFLAGS_value=
ac_cv_env_CPP_set=
ac_cv_env_CPP_value=
ac_cv_env_LDFLAGS_set=
ac_cv_env_LDFLAGS_value=
ac_cv_env_LIBS_set=
ac_cv_env_LIBS_value=
ac_cv_env_LT_SYS_LIBRARY_PATH_set=
ac_cv_env_LT_SYS_LIBRARY_PATH_value=
ac_cv_env_build_alias_set=
ac_cv_env_build_alias_value=
ac_cv_env_host_alias_set=
ac_cv_env_host_alias_value=
ac_cv_env_target_alias_set=
ac_cv_env_target_alias_value=
ac_cv_file__dev_ptc=no
ac_cv_file__dev_ptmx=yes
ac_cv_file__dev_urandom=yes
ac_cv_func_FIPS_mode_set=no
ac_cv_func_OSSL_PROVIDER_available=yes
ac_cv_func___makecontext_v2=no
ac_cv_func__getpty=no
ac_cv_func_accept4=yes
ac_cv_func_chroot=yes
ac_cv_func_daemon=yes
ac_cv_func_endhostent=yes
ac_cv_func_getcontext=yes
ac_cv_func_gethostbyname2=yes
ac_cv_func_getnameinfo=yes
ac_cv_func_getrlimit=yes
ac_cv_func_localtime_r=yes
ac_cv_func_openpty=yes
ac_cv_func_pipe2=yes
ac_cv_func_poll=yes
ac_cv_func_pthread_sigmask=yes
ac_cv_func_realpath=yes
ac_cv_func_setgroups=yes
ac_cv_func_setsid=yes
ac_cv_func_snprintf=yes
ac_cv_func_sysconf=yes
ac_cv_func_vsnprintf=yes
ac_cv_func_wait4=yes
ac_cv_func_waitpid=yes
ac_cv_header_dlfcn_h=yes
ac_cv_header_grp_h=yes
ac_cv_header_inttypes_h=yes
ac_cv_header_libutil_h=no
ac_cv_header_limits_h=yes
ac_cv_header_linux_netfilter_ipv4_h=yes
ac_cv_header_linux_sched_h=yes
ac_cv_header_malloc_h=yes
ac_cv_header_mimalloc_h=no
ac_cv_header_poll_h=yes
ac_cv_header_pthread_h=yes
ac_cv_header_pty_h=yes
ac_cv_header_stdint_h=yes
ac_cv_header_stdio_h=yes
ac_cv_header_stdlib_h=yes
ac_cv_header_string_h=yes
ac_cv_header_strings_h=yes
ac_cv_header_stropts_h=no
ac_cv_header_sys_filio_h=no
ac_cv_header_sys_ioctl_h=yes
ac_cv_header_sys_param_h=yes
ac_cv_header_sys_poll_h=yes
ac_cv_header_sys_resource_h=yes
ac_cv_header_sys_select_h=yes
ac_cv_header_sys_socket_h=yes
ac_cv_header_sys_stat_h=yes
ac_cv_header_sys_syscall_h=yes
ac_cv_header_sys_types_h=yes
ac_cv_header_sys_uio_h=yes
ac_cv_header_sys_un_h=yes
ac_cv_header_tcpd_h=no
ac_cv_header_ucontext_h=yes
ac_cv_header_unistd_h=yes
ac_cv_header_util_h=no
ac_cv_host=x86_64-pc-linux-gnu
ac_cv_member_struct_msghdr_msg_control=yes
ac_cv_objext=o
ac_cv_path_EGREP='/usr/bin/grep -E'
ac_cv_path_EGREP_TRADITIONAL='/usr/bin/grep -E'
ac_cv_path_FGREP='/usr/bin/grep -F'
ac_cv_path_GREP=/usr/bin/grep
ac_cv_path_SED=/usr/bin/sed
ac_cv_path_install='/usr/bin/install -c'
ac_cv_path_lt_DD=/usr/bin/dd
ac_cv_path_mkdir=/usr/bin/mkdir
ac_cv_prog_AWK=gawk
ac_cv_prog_CPP='gcc -E'
ac_cv_prog_FILECMD=file
ac_cv_prog_ac_ct_AR=ar
ac_cv_prog_ac_ct_CC=gcc
ac_cv_prog_ac_ct_OBJDUMP=objdump
ac_cv_prog_ac_ct_RANLIB=ranlib
ac_cv_prog_ac_ct_STRIP=strip
ac_cv_prog_cc_c11=
ac_cv_prog_cc_g=yes
ac_cv_prog_cc_stdc=
ac_cv_prog_make_make_set=yes
ac_cv_search_dlopen='none required'
ac_cv_search_gethostbyname='none required'
ac_cv_search_mi_malloc=no
ac_cv_search_openpty='none required'
ac_cv_search_sd_listen_fds=no
ac_cv_search_shl_load=no
ac_cv_search_socket='none required'
ac_cv_search_yp_get_default_domain=no
ac_cv_sys_largefile_opts='none needed'
ac_cv_type_gid_t=yes
ac_cv_type_size_t=yes
ac_cv_type_ssize_t=yes
ac_cv_type_struct_addrinfo=yes
ac_cv_type_struct_sockaddr_un=yes
ac_cv_type_uid_t=yes
am_cv_CC_dependencies_compiler_type=gcc3
am_cv_filesystem_timestamp_resolution=0.01
am_cv_make_support_nested_variables=yes
am_cv_prog_cc_c_o=yes
am_cv_sleep_fractional_seconds=yes
am_cv_xargs_n_works=yes
ax_cv_PTHREAD_CLANG=no
ax_cv_PTHREAD_JOINABLE_ATTR=PTHREAD_CREATE_JOINABLE
ax_cv_PTHREAD_PRIO_INHERIT=yes
ax_cv_PTHREAD_SPECIAL_FLAGS=no
ax_cv_check_cflags___D_FORTIFY_SOURCE_2=yes
ax_cv_check_cflags___Wall=yes
ax_cv_check_cflags___Wconversion=yes
ax_cv_check_cflags___Wextra=yes
ax_cv_check_cflags___Wformat_2=yes
ax_cv_check_cflags___Wno_deprecated_declarations=yes
ax_cv_check_cflags___Wno_unused_command_line_argument=yes
ax_cv_check_cflags___Wpedantic=yes
ax_cv_check_cflags___fPIE=yes
ax_cv_check_cflags___fcf_protection_full=yes
ax_cv_check_cflags___fstack_clash_protection=yes
ax_cv_check_cflags___fstack_protector_strong=yes
ax_cv_check_ldflags___Wl__z_noexecstack=yes
ax_cv_check_ldflags___Wl__z_now=yes
ax_cv_check_ldflags___Wl__z_relro=yes
ax_cv_check_ldflags___fPIE=yes
ax_cv_check_ldflags___pie=yes
lt_cv_ar_at_file=@
lt_cv_archive_cmds_need_lc=no
lt_cv_deplibs_check_method=pass_all
lt_cv_file_magic_cmd='$MAGIC_CMD'
lt_cv_file_magic_test_file=
lt_cv_ld_reload_flag=-r
lt_cv_nm_interface='BSD nm'
lt_cv_objdir=.libs
lt_cv_path_LD=/usr/bin/x86_64-linux-gnu-ld
lt_cv_path_NM='/usr/bin/nm -B'
lt_cv_path_manifest_tool=no
lt_cv_prog_compiler_c_o=yes
lt_cv_prog_compiler_pic='-fPIC -DPIC'
lt_cv_prog_compiler_pic_works=yes
lt_cv_prog_compiler_rtti_exceptions=no
lt_cv_prog_compiler_static_works=yes
lt_cv_prog_gnu_ld=yes
lt_cv_sharedlib_from_linklib_cmd='printf %s\n'
lt_cv_shlibpath_overrides_runpath=yes
lt_cv_sys_global_symbol_pipe='/usr/bin/sed -n -e '\''s/^.*[	 ]\([ABCDGIRSTW][ABCDGIRSTW]*\)[	 ][	 ]*\([_A-Za-z][_A-Za-z0-9]*\)$/\1 \2 \2/p'\'' | /usr/bin/sed '\''/ __gnu_lto/d'\'''
lt_cv_sys_global_symbol_to_c_name_address='/usr/bin/sed -n -e '\''s/^: \(.*\) .*$/  {"\1", (void *) 0},/p'\'' -e '\''s/^[ABCDGIRSTW][ABCDGIRSTW]* .* \(.*\)$/  {"\1", (void *) \&\1},/p'\'''
lt_cv_sys_global_symbol_to_c_name_address_lib_prefix='/usr/bin/sed -n -e '\''s/^: \(.*\) .*$/  {"\1", (void *) 0},/p'\'' -e '\''s/^[ABCDGIRSTW][ABCDGIRSTW]* .* \(lib.*\)$/  {"\1", (void *) \&\1},/p'\'' -e '\''s/^[ABCDGIRSTW][ABCDGIRSTW]* .* \(.*\)$/  {"lib\1", (void *) \&\1},/p'\'''
lt_cv_sys_global_symbol_to_cdecl='/usr/bin/sed -n -e '\''s/^T .* \(.*\)$/extern int \1();/p'\'' -e '\''s/^[ABCDGIRSTW][ABCDGIRSTW]* .* \(.*\)$/extern char \1;/p'\'''
lt_cv_sys_global_symbol_to_import=
lt_cv_sys_max_cmd_len=1572864
lt_cv_to_host_file_cmd=func_convert_file_noop
lt_cv_to_tool_file_cmd=func_convert_file_noop
lt_cv_truncate_bin='/usr/bin/dd bs=4096 count=1'

## ----------------- ##
## Output variables. ##
## ----------------- ##

ACLOCAL='${SHELL} '\''/mnt/c/Users/babikp/Desktop/dev/lemon-chat/server-source-code/third-party/stunnel/stunnel-5.75/auto/missing'\'' aclocal-1.17'
AMDEPBACKSLASH='\'
AMDEP_FALSE='#'
AMDEP_TRUE=''
AMTAR='$${TAR-tar}'
AM_BACKSLASH='\'
AM_DEFAULT_V='$(AM_DEFAULT_VERBOSITY)'
AM_DEFAULT_VERBOSITY='0'
AM_V='$(V)'
AR='ar'
AUTOCONF='${SHELL} '\''/mnt/c/Users/babikp/Desktop/dev/lemon-chat/server-source-code/third-party/stunnel/stunnel-5.75/auto/missing'\'' autoconf'
AUTOHEADER='${SHELL} '\''/mnt/c/Users/babikp/Desktop/dev/lemon-chat/server-source-code/third-party/stunnel/stunnel-5.75/auto/missing'\'' autoheader'
AUTOMAKE='${SHELL} '\''/mnt/c/Users/babikp/Desktop/dev/lemon-chat/server-source-code/third-party/stunnel/stunnel-5.75/auto/missing'\'' automake-1.17'
AWK='gawk'
CC='gcc'
CCDEPMODE='depmode=gcc3'
CFLAGS='-g -O2 -Wno-error=incompatible-pointer-types -pthread -Wall -Wextra -Wpedantic -Wformat=2 -Wconversion -Wno-deprecated-declarations -Wno-unused-command-line-argument -fPIE -fstack-protector-strong -fcf-protection=full -fstack-clash-protection -D_FORTIFY_SOURCE=2'
CPP='gcc -E'
CPPFLAGS=''
CSCOPE='cscope'
CTAGS='ctags'
CYGPATH_W='echo'
DEFAULT_GROUP='nogroup'
DEFS='-DHAVE_CONFIG_H'
DEPDIR='.deps'
DLLTOOL='false'
DSYMUTIL=''
DUMPBIN=''
ECHO_C=''
ECHO_N='-n'
ECHO_T=''
EGREP='/usr/bin/grep -E'
ETAGS='etags'
EXEEXT=''
FGREP='/usr/bin/grep -F'
FILECMD='file'
GREP='/usr/bin/grep'
INSTALL_DATA='${INSTALL} -m 644'
INSTALL_PROGRAM='${INSTALL}'
INSTALL_SCRIPT='${INSTALL}'
INSTALL_STRIP_PROGRAM='$(install_sh) -c -s'
LD='/usr/bin/x86_64-linux-gnu-ld -m elf_x86_64'
LDFLAGS=' -fPIE -pie -Wl,-z,relro -Wl,-z,now -Wl,-z,noexecstack'
LIBOBJS=''
LIBS='-lpthread '
LIBTOOL='$(SHELL) $(top_builddir)/libtool'
LIBTOOL_DEPS='./auto//ltmain.sh'
LIPO=''
LN_S='ln -s'
LTLIBOBJS=''
LT_SYS_LIBRARY_PATH=''
MAKEINFO='${SHELL} '\''/mnt/c/Users/babikp/Desktop/dev/lemon-chat/server-source-code/third-party/stunnel/stunnel-5.75/auto/missing'\'' makeinfo'
MANIFEST_TOOL=':'
MKDIR_P='/usr/bin/mkdir -p'
NM='/usr/bin/nm -B'
NMEDIT=''
OBJDUMP='objdump'
OBJEXT='o'
OTOOL64=''
OTOOL=''
PACKAGE='stunnel'
PACKAGE_BUGREPORT=''
PACKAGE_NAME='stunnel'
PACKAGE_STRING='stunnel 5.75'
PACKAGE_TARNAME='stunnel'
PACKAGE_URL=''
PACKAGE_VERSION='5.75'
PATH_SEPARATOR=':'
PTHREAD_CC='gcc'
PTHREAD_CFLAGS='-pthread'
PTHREAD_CXX=''
PTHREAD_LIBS='-lpthread'
RANDOM_FILE='/dev/urandom'
RANLIB='ranlib'
SED='/usr/bin/sed'
SET_MAKE=''
SHELL='/bin/bash'
SSLDIR='/mnt/c/Users/babikp/Desktop/dev/lemon-chat/server-source-code/third-party/stunnel/openssl'
STRIP='strip'
VERSION='5.75'
ac_ct_AR='ar'
ac_ct_CC='gcc'
ac_ct_DUMPBIN=''
am__EXEEXT_FALSE=''
am__EXEEXT_TRUE='#'
am__fastdepCC_FALSE='#'
am__fastdepCC_TRUE=''
am__include='include'
am__isrc=''
am__leading_dot='.'
am__nodep='_no'
am__quote=''
am__rm_f_notfound=''
am__tar='$${TAR-tar} chof - "$$tardir"'
am__untar='$${TAR-tar} xf -'
am__xargs_n='xargs -n'
ax_pthread_config=''
bashcompdir=''
bindir='${exec_prefix}/bin'
build='x86_64-pc-linux-gnu'
build_alias=''
build_cpu='x86_64'
build_os='linux-gnu'
build_vendor='pc'
datadir='${datarootdir}'
datarootdir='${prefix}/share'
docdir='${datarootdir}/doc/${PACKAGE_TARNAME}'
dvidir='${docdir}'
exec_prefix='${prefix}'
host='x86_64-pc-linux-gnu'
host_alias=''
host_cpu='x86_64'
host_os='linux-gnu'
host_vendor='pc'
htmldir='${docdir}'
includedir='${prefix}/include'
infodir='${datarootdir}/info'
install_sh='${SHELL} /mnt/c/Users/babikp/Desktop/dev/lemon-chat/server-source-code/third-party/stunnel/stunnel-5.75/auto/install-sh'
libdir='${exec_prefix}/lib'
libexecdir='${exec_prefix}/libexec'
localedir='${datarootdir}/locale'
localstatedir='${prefix}/var'
mandir='${datarootdir}/man'
mkdir_p='$(MKDIR_P)'
oldincludedir='/usr/include'
pdfdir='${docdir}'
prefix='/usr/local'
program_transform_name='s,x,x,'
psdir='${docdir}'
runstatedir='${localstatedir}/run'
sbindir='${exec_prefix}/sbin'
sharedstatedir='${prefix}/com'
sysconfdir='${prefix}/etc'
target_alias=''

## ----------- ##
## confdefs.h. ##
## ----------- ##

/* confdefs.h */
#define PACKAGE_NAME "stunnel"
#define PACKAGE_TARNAME "stunnel"
#define PACKAGE_VERSION "5.75"
#define PACKAGE_STRING "stunnel 5.75"
#define PACKAGE_BUGREPORT ""
#define PACKAGE_URL ""
#define PACKAGE "stunnel"
#define VERSION "5.75"
#define HOST "x86_64-pc-linux-gnu"
#define CPU_X86_64 1
#define VENDOR_PC 1
#define OS_LINUX_GNU 1
#define _GNU_SOURCE 1
#define HAVE_PTHREAD_PRIO_INHERIT 1
#define USE_PTHREAD 1
#define HAVE_STDIO_H 1
#define HAVE_STDLIB_H 1
#define HAVE_STRING_H 1
#define HAVE_INTTYPES_H 1
#define HAVE_STDINT_H 1
#define HAVE_STRINGS_H 1
#define HAVE_SYS_STAT_H 1
#define HAVE_SYS_TYPES_H 1
#define HAVE_UNISTD_H 1
#define STDC_HEADERS 1
#define HAVE_DLFCN_H 1
#define LT_OBJDIR ".libs/"
#define HAVE_STRUCT_SOCKADDR_UN 1
#define HAVE_STRUCT_ADDRINFO 1
#define HAVE_DEV_PTMX 1
#define RANDOM_FILE "/dev/urandom"
#define HAVE_STDINT_H 1
#define HAVE_INTTYPES_H 1
#define HAVE_MALLOC_H 1
#define HAVE_UCONTEXT_H 1
#define HAVE_PTHREAD_H 1
#define HAVE_POLL_H 1
#define HAVE_GRP_H 1
#define HAVE_UNISTD_H 1
#define HAVE_PTY_H 1
#define HAVE_LIMITS_H 1
#define HAVE_SYS_TYPES_H 1
#define HAVE_SYS_SELECT_H 1
#define HAVE_SYS_POLL_H 1
#define HAVE_SYS_SOCKET_H 1
#define HAVE_SYS_UN_H 1
#define HAVE_SYS_IOCTL_H 1
#define HAVE_SYS_RESOURCE_H 1
#define HAVE_SYS_UIO_H 1
#define HAVE_SYS_SYSCALL_H 1
#define HAVE_SYS_PARAM_H 1
#define HAVE_LINUX_SCHED_H 1
#define HAVE_STRUCT_MSGHDR_MSG_CONTROL 1
#define HAVE_MSGHDR_MSG_CONTROL 1
#define HAVE_LINUX_NETFILTER_IPV4_H 1
#define HAVE_SNPRINTF 1
#define HAVE_VSNPRINTF 1
#define HAVE_OPENPTY 1
#define HAVE_DAEMON 1
#define HAVE_WAITPID 1
#define HAVE_WAIT4 1
#define HAVE_SETSID 1
#define HAVE_SETGROUPS 1
#define HAVE_CHROOT 1
#define HAVE_REALPATH 1
#define HAVE_SYSCONF 1
#define HAVE_GETRLIMIT 1
#define HAVE_PTHREAD_SIGMASK 1
#define HAVE_LOCALTIME_R 1
#define HAVE_GETCONTEXT 1
#define HAVE_POLL 1
#define HAVE_GETHOSTBYNAME2 1
#define HAVE_ENDHOSTENT 1
#define HAVE_GETNAMEINFO 1
#define HAVE_GETADDRINFO 1
#define HAVE_PIPE2 1
#define HAVE_ACCEPT4 1
#define USE_IPv6 1
#define SSLDIR "/mnt/c/Users/babikp/Desktop/dev/lemon-chat/server-source-code/third-party/stunnel/openssl"
#define HAVE_OSSL_PROVIDER_AVAILABLE 1
#define USE_FIPS 1

configure: exit 0
